-- phpMyAdmin SQL Dump
-- version 5.0.2
-- https://www.phpmyadmin.net/
--
-- Host: 127.0.0.1
-- Generation Time: Jun 05, 2021 at 04:44 AM
-- Server version: 10.4.11-MariaDB
-- PHP Version: 7.4.4

SET SQL_MODE = "NO_AUTO_VALUE_ON_ZERO";
START TRANSACTION;
SET time_zone = "+00:00";


/*!40101 SET @OLD_CHARACTER_SET_CLIENT=@@CHARACTER_SET_CLIENT */;
/*!40101 SET @OLD_CHARACTER_SET_RESULTS=@@CHARACTER_SET_RESULTS */;
/*!40101 SET @OLD_COLLATION_CONNECTION=@@COLLATION_CONNECTION */;
/*!40101 SET NAMES utf8mb4 */;

--
-- Database: `capstone`
--

-- --------------------------------------------------------

--
-- Table structure for table `activity_log`
--

CREATE TABLE `activity_log` (
  `activity_log_id` int(11) NOT NULL,
  `username` varchar(100) NOT NULL,
  `date` varchar(100) NOT NULL,
  `action` varchar(100) NOT NULL
) ENGINE=InnoDB DEFAULT CHARSET=latin1;

--
-- Dumping data for table `activity_log`
--

INSERT INTO `activity_log` (`activity_log_id`, `username`, `date`, `action`) VALUES
(1, 'jkev', '2013-11-18 15:25:33', 'Add Subject RIZAL'),
(2, 'jkev', '2013-11-18 15:27:08', 'Edit Subject RIZAL'),
(3, '', '2013-11-18 15:30:46', 'Edit Subject IS 221'),
(4, '', '2013-11-18 15:31:12', 'Edit Subject IS 222'),
(5, '', '2013-11-18 15:31:24', 'Edit Subject IS 223'),
(6, '', '2013-11-18 15:31:34', 'Edit Subject IS 224'),
(7, '', '2013-11-18 15:31:54', 'Edit Subject IS 227'),
(8, '', '2013-11-18 15:32:37', 'Add Subject IS 411B'),
(9, '', '2013-11-18 15:34:54', 'Edit User jkev'),
(10, 'jkev', '2014-01-17 13:26:18', 'Add User admin'),
(11, 'admin', '2020-12-21 08:37:51', 'Add Subject 1234');

-- --------------------------------------------------------

--
-- Table structure for table `answer`
--

CREATE TABLE `answer` (
  `answer_id` int(11) NOT NULL,
  `quiz_question_id` int(11) NOT NULL,
  `answer_text` varchar(100) NOT NULL,
  `choices` varchar(3) NOT NULL
) ENGINE=InnoDB DEFAULT CHARSET=latin1;

--
-- Dumping data for table `answer`
--

INSERT INTO `answer` (`answer_id`, `quiz_question_id`, `answer_text`, `choices`) VALUES
(81, 32, 'john', 'A'),
(82, 32, 'smith', 'B'),
(83, 32, 'kevin', 'C'),
(84, 32, 'lorayna', 'D'),
(85, 34, 'Peso', 'A'),
(86, 34, 'PHP Hypertext', 'B'),
(87, 34, 'PHP Hypertext Preprosesor', 'C'),
(88, 34, 'Philippines', 'D'),
(89, 36, 'Right', 'A'),
(90, 36, 'Wrong', 'B'),
(91, 36, 'Wrong', 'C'),
(92, 36, 'Wrong', 'D');

-- --------------------------------------------------------

--
-- Table structure for table `assignment`
--

CREATE TABLE `assignment` (
  `assignment_id` int(11) NOT NULL,
  `floc` varchar(300) NOT NULL,
  `fdatein` varchar(100) NOT NULL,
  `fdesc` varchar(100) NOT NULL,
  `teacher_id` int(11) NOT NULL,
  `class_id` int(11) NOT NULL,
  `fname` varchar(100) NOT NULL
) ENGINE=InnoDB DEFAULT CHARSET=latin1;

--
-- Dumping data for table `assignment`
--

INSERT INTO `assignment` (`assignment_id`, `floc`, `fdatein`, `fdesc`, `teacher_id`, `class_id`, `fname`) VALUES
(2, 'uploads/6843_File_Doc3.docx', '2013-10-11 01:24:32', 'fasfasf', 13, 36, 'Assignment number 1'),
(3, 'uploads/3617_File_login.mdb', '2013-10-28 19:35:28', 'q', 9, 80, 'q'),
(4, 'admin/uploads/7146_File_normalization.ppt', '2013-10-30 18:48:15', 'fsaf', 9, 95, 'fsaf'),
(5, 'admin/uploads/7784_File_ABSTRACT.docx', '2013-10-30 18:48:33', 'fsaf', 9, 95, 'dsaf'),
(6, 'admin/uploads/4536_File_ABSTRACT.docx', '2013-10-30 18:53:32', 'file', 9, 95, 'abstract'),
(10, 'admin/uploads/2209_File_598378_543547629007198_436971088_n.jpg', '2013-11-01 13:13:18', 'fsafasf', 9, 95, 'Assignment#2'),
(11, 'admin/uploads/1511_File_bootstrap.css', '2013-11-01 13:18:25', 'sdsa', 9, 95, 'css'),
(12, 'admin/uploads/4309_File_new  2.txt', '2013-11-17 23:21:46', 'test', 12, 145, 'test'),
(13, 'admin/uploads/5901_File_IS 112-Personal Productivity Using IS.doc', '2013-11-18 16:59:35', 'q', 12, 145, 'q'),
(15, 'admin/uploads/7077_File_win_boot_screen_16_9_by_medi_dadu-d4s7dc1.gif', '2013-11-25 10:38:45', 'afs', 18, 159, 'dasf'),
(16, 'admin/uploads/8470_File_win_boot_screen_16_9_by_medi_dadu-d4s7dc1.gif', '2013-11-25 10:39:19', 'test', 18, 160, 'assign1'),
(17, 'admin/uploads/2840_File_IMG_0698.jpg', '2013-11-25 15:53:20', 'q', 12, 161, 'q'),
(19, '', '2013-12-07 20:11:39', 'kevin test', 12, 162, ''),
(20, '', '2013-12-07 20:26:43', 'dasddsd', 12, 145, ''),
(21, '', '2013-12-07 20:26:43', 'dasddsd', 12, 162, ''),
(22, '', '2013-12-07 20:27:18', 'dasffsafsaf', 12, 162, ''),
(23, '', '2013-12-07 20:33:11', 'test', 12, 162, ''),
(24, 'admin/uploads/7053_File_win_boot_screen_16_9_by_medi_dadu-d4s7dc1.gif', '2013-12-07 20:39:05', 'kevin', 12, 0, 'kevin'),
(25, 'admin/uploads/2417_File_win_boot_screen_16_9_by_medi_dadu-d4s7dc1.gif', '2013-12-07 20:41:10', 'kevin', 12, 0, 'kevin'),
(26, 'admin/uploads/8095_File_win_boot_screen_16_9_by_medi_dadu-d4s7dc1.gif', '2013-12-07 20:43:25', 'kevin', 12, 0, 'kevin'),
(27, 'admin/uploads/4089_File_win_boot_screen_16_9_by_medi_dadu-d4s7dc1.gif', '2013-12-07 20:47:48', 'fasfafaf', 12, 0, 'fasf'),
(28, 'admin/uploads/2948_File_win_boot_screen_16_9_by_medi_dadu-d4s7dc1.gif', '2013-12-07 20:48:59', 'dasdasd', 12, 0, 'dasd'),
(29, 'admin/uploads/5971_File_win_boot_screen_16_9_by_medi_dadu-d4s7dc1.gif', '2013-12-07 20:50:47', 'dasdasd', 12, 0, 'dsad'),
(30, 'admin/uploads/6926_File_Resume.docx', '2014-02-13 11:27:59', 'q', 12, 167, 'q'),
(31, 'admin/uploads/8289_File_sample.pdf', '2020-12-21 09:56:48', 'asdasd', 9, 186, 'asdasd');

-- --------------------------------------------------------

--
-- Table structure for table `class`
--

CREATE TABLE `class` (
  `class_id` int(11) NOT NULL,
  `class_name` varchar(100) NOT NULL
) ENGINE=InnoDB DEFAULT CHARSET=latin1;

--
-- Dumping data for table `class`
--

INSERT INTO `class` (`class_id`, `class_name`) VALUES
(7, 'BSIS-4A'),
(8, 'BSIS-4B'),
(12, 'BSIS-3A'),
(13, 'BSIS-3B'),
(14, 'BSIS-3C'),
(15, 'BSIS-2A'),
(16, 'BSIS-2B'),
(17, 'BSIS-2C'),
(18, 'BSIS-1A'),
(19, 'BSIS-1B'),
(20, 'BSIS-1C'),
(21, 'BSED-1A'),
(22, 'AB-1C'),
(23, 'BSIT-2B'),
(24, 'BSIT-1A');

-- --------------------------------------------------------

--
-- Table structure for table `class_quiz`
--

CREATE TABLE `class_quiz` (
  `class_quiz_id` int(11) NOT NULL,
  `teacher_class_id` int(11) NOT NULL,
  `quiz_time` int(11) NOT NULL,
  `quiz_id` int(11) NOT NULL
) ENGINE=InnoDB DEFAULT CHARSET=latin1;

--
-- Dumping data for table `class_quiz`
--

INSERT INTO `class_quiz` (`class_quiz_id`, `teacher_class_id`, `quiz_time`, `quiz_id`) VALUES
(13, 167, 3600, 3),
(14, 167, 3600, 3),
(15, 167, 1800, 3),
(16, 185, 900, 0),
(17, 186, 1800, 6);

-- --------------------------------------------------------

--
-- Table structure for table `class_subject_overview`
--

CREATE TABLE `class_subject_overview` (
  `class_subject_overview_id` int(11) NOT NULL,
  `teacher_class_id` int(11) NOT NULL,
  `content` varchar(10000) NOT NULL
) ENGINE=InnoDB DEFAULT CHARSET=latin1;

--
-- Dumping data for table `class_subject_overview`
--

INSERT INTO `class_subject_overview` (`class_subject_overview_id`, `teacher_class_id`, `content`) VALUES
(1, 167, '<p>Chapter&nbsp; 1</p>\r\n\r\n<p>Cha</p>\r\n');

-- --------------------------------------------------------

--
-- Table structure for table `content`
--

CREATE TABLE `content` (
  `content_id` int(11) NOT NULL,
  `title` varchar(100) NOT NULL,
  `content` mediumtext NOT NULL
) ENGINE=InnoDB DEFAULT CHARSET=latin1;

--
-- Dumping data for table `content`
--

INSERT INTO `content` (`content_id`, `title`, `content`) VALUES
(1, 'Mission', '<pre>\r\n<span style=\"font-size:16px\"><strong>Mission</strong></span></pre>\r\n\r\n<p style=\"text-align:left\"><span style=\"font-family:arial,helvetica,sans-serif; font-size:medium\"><span style=\"font-size:large\">&nbsp; &nbsp; &nbsp; &nbsp; &nbsp; &nbsp; &nbsp;</span></span>&nbsp; &nbsp;<span style=\"font-size:18px\"> &nbsp; &nbsp; &nbsp; &nbsp; &nbsp; &nbsp; &nbsp; &nbsp; A leading institution in higher and continuing education commited to engage in quality instruction, development-oriented research sustinable lucrative economic enterprise, and responsive extension and training services through relevant academic programs to empower a human resource that responds effectively to challenges in life and acts as catalyst in the holistoic development of a humane society.&nbsp;</span></p>\r\n\r\n<p style=\"text-align:left\">&nbsp;</p>\r\n'),
(2, 'Vision', '<pre><span style=\"font-size: large;\"><strong>Vision</strong></span></pre>\r\n<p>&nbsp;&nbsp;&nbsp;&nbsp;&nbsp;&nbsp;&nbsp;&nbsp;&nbsp;&nbsp;&nbsp;&nbsp;&nbsp;<span style=\"font-size: large;\">&nbsp; Driven by its passion for continous improvement, the State College has to vigorously pursue distinction and proficieny in delivering its statutory functions to the Filipino people in the fields of education, business, agro-fishery, industrial, science and technology, through committed and competent human resource, guided by the beacon of innovation and productivity towards the heights of elevated status. </span><br /><br /></p>'),
(3, 'History', '<pre><span style=\"font-size: large;\">HISTORY &nbsp;</span> </pre>\r\n<p style=\"text-align: justify;\">&nbsp;&nbsp;&nbsp;&nbsp;&nbsp;&nbsp;&nbsp;&nbsp;&nbsp;&nbsp;&nbsp; Carlos Hilado Memorial State College, formerly Paglaum State College, is a public educational institution that aims to provide higher technological, professional and vocational instruction and training in science, agriculture and industrial fields as well as short term or vocational courses. It was Batas Pambansa Bilang 477 which integrated these three institutions of learning: the Negros Occidental College of Arts and Trades (NOCAT) in the Municipality of Talisay, Bacolod City National Trade School (BCNTS) in Alijis, Bacolod City, and the Negros Occidental Provincial Community College (NOPCC) in Bacolod City, into a tertiary state educational institution to be called Paglaum State College. Approved in 1983, the College Charter was implemented effective January 1, 1984, with Mr. Sulpicio P. Cartera as its President. The administrative seat of the first state college in Negros Occidental is located at the Talisay Campus which was originally established as Negros Occidental School of Arts and Trades (NOSAT) under R.A. 848, authored and sponsored by Hon. Carlos Hilado. It occupies a five-hectare land donated by the provincial government under Provincial Board Resolution No. 1163. The renaming of the college to Carlos Hilado Memorial State College was effected by virtue of House Bill No. 7707 authored by then Congressman Jose Carlos V. Lacson of the 3rd Congressional District, Province of Negros Occidental, and which finally became a law on May 5, 1994</p>\r\n<p style=\"text-align: justify;\">&nbsp;</p>\r\n<p style=\"text-align: justify;\">&nbsp;&nbsp;&nbsp; Talisay Campus. July 1, 1954 marked the formal opening of NOSAT with Mr. Francisco Apilado as its first Superintendent and Mr. Gil H. Tenefrancia as Principal. There were five (5) full time teachers, with an initial enrolment of eighty-nine (89) secondary and trade technical students. The shop courses were General Metal Works, Practical Electricity and Woodworking. The first classes were held temporarily at Talisay Elementary School while the shop buildings and classrooms were under construction. NOSAT was a recipient of FOA-PHILCUA aid in terms of technical books, equipment, tools and machinery. Alijis Campus. The Alijis Campus of the Carlos Hilado Memorial State College is situated in a 5-hectare lot located at Barangay Alijis, Bacolod City. The lot was a donation of the late Dr. Antonio Lizares. The school was formerly established as the Bacolod City National Trade School. The establishment of this trade technical institution is pursuant to R.A. 3886 in 1968, authored by the late Congressman Inocencio V. Ferrer of the second congressional district of the Province of Negros Occidental. Fortune Towne. The Fortune Towne Campus of the Carlos Hilado Memorial State College was originally situated in Negros Occidental High School (NOHS), Bacolod City on a lot owned by the Provincial Government under Provincial Board Resolution No. 91 series of 1970. The school was formerly established as the Negros Occidental Provincial Community College and formally opened on July 13, 1970 with the following course offerings: Bachelor of Arts, Technical Education and Bachelor of Commerce. The initial operation of the school started in July 13, 1970, with an initial enrolment of 209 students. Classes were first housed at the Negros Occidental High School while the first building was constructed. Then Governor Alfredo L. Montelibano spearheaded the first operation of the NOPCC along with the members of the Board of Trustees. In June 1995, the campus transferred to its new site in Fortune Towne, Bacolod City. Binalbagan Campus. On Nov. 24, 2000, the Negros Occidental School of Fisheries (NOSOF) in Binalbagan, Negros Occidental was integrated to the Carlos Hilado Memorial State College system as an external campus by virtue of Resolution No. 46 series of 2000.</p>'),
(4, 'Footer', '<p style=\"text-align:center\">CHMSC Online Learning Managenment System</p>\r\n\r\n<p style=\"text-align:center\">All Rights Reserved &reg;2013</p>\r\n'),
(5, 'Upcoming Events', '<pre>\r\nUP COMING EVENTS</pre>\r\n\r\n<p><strong>&gt;</strong> EXAM</p>\r\n\r\n<p><strong>&gt;</strong> INTERCAMPUS MEET</p>\r\n\r\n<p><strong>&gt;</strong> DEFENSE</p>\r\n\r\n<p><strong>&gt;</strong> ENROLLMENT</p>\r\n\r\n<p>&nbsp;</p>\r\n'),
(6, 'Title', '<p><span style=\"font-family:trebuchet ms,geneva\">CHMSC Online Learning Management System</span></p>\r\n'),
(7, 'News', '<pre>\r\n<span style=\"font-size:medium\"><em><strong>Recent News\r\n</strong></em></span></pre>\r\n\r\n<h2><span style=\"font-size:small\">Extension and Community Services</span></h2>\r\n\r\n<p style=\"text-align:justify\">This technology package was promoted by the College of Industrial Technology Unit is an index to offer Practical Skills and Livelihood Training Program particularly to the Ina ngTahanan of Tayabas, Barangay Zone 15, Talisay City, Negros Occidental</p>\r\n\r\n<p style=\"text-align:justify\">The respondent of this technology package were mostly &ldquo;ina&rdquo; or mothers in PurokTayabas. There were twenty mothers who responded to the call of training and enhancing their sewing skills. The beginners projects include an apron, elastics waist skirts, pillow-cover and t-shirt style top. Short sleeve blouses with buttonholes or contoured seaming are also some of the many projects introduced to the mothers. Based on the interview conducted after the culmination activity, the projects done contributed as a means of earning to the respondents.</p>\r\n\r\n<p style=\"text-align:justify\">&nbsp; &nbsp; &nbsp; &nbsp; &nbsp; In support to the thrust of the government to improve the health status of neighboring barangays, the Faculty and Staff of CHMSC ECS Fortune Towne, Bacolod City, launched its Medical Mission in Patag, Silay City. It was conducted last March 2010, to address the health needs of the people. A medical consultation is given to the residents of SitioPatag to attend to their health related problems that may need medical treatment. Medical tablets for headache, flu, fever, antibiotics and others were availed by the residents.</p>\r\n\r\n<p style=\"text-align:justify\">&nbsp;</p>\r\n\r\n<p style=\"text-align:justify\">&nbsp;The BAYAN-ANIHAN is a Food Production Program with a battle cry of &ldquo;GOODBYE GUTOM&rdquo;, advocating its legacy &ldquo;Food on the Table for every Filipino Family&rdquo; through backyard gardening. NGO&rsquo;s, governmental organizations, private and public sectors, business sectors are the cooperating agencies that support and facilitate this project and Carlos Hilado Memorial State College (CHMSC) is one of the identified partner school. Being a member institution in advocating its thrust, the school through its Extension and Community Services had conducted capability training workshop along this program identifying two deputy coordinators and trainers last November 26,27 and 28, 2009, with the end in view of implementing the project all throughout the neighboring towns, provinces and regions to help address poverty in the country. Program beneficiaries were the selected families of GawadKalinga (GK) in Hope Village, Brgy. Cabatangan, Talisay City, with 120 families beneficiaries; GK FIAT Village in Silay City with 30 beneficiaries; Bonbon Dream Village brgy. E. Lopez, Silay City with 60 beneficiaries; and respectively Had. Teresita and Had. Carmen in Talisay City, Negros Occidental both with 60 member beneficiaries. This program was introduced to 30 household members with the end in view of alleviating the quality standards of their living.</p>\r\n\r\n<p style=\"text-align:justify\">&nbsp;</p>\r\n\r\n<p style=\"text-align:justify\">The extension &amp; Community Services of the College conducted a series of consultations and meetings with the different local government units to assess technology needs to determines potential products to be developed considering the abundance of raw materials in their respective areas and their product marketability. The project was released in November 2009 in six cities in the province of Negros Occidental, namely San Carlos, Sagay, Silay, Bago, Himamaylan and Sipalay and the Municipality of E. B Magalona</p>\r\n\r\n<p style=\"text-align:justify\">&nbsp; &nbsp; &nbsp; &nbsp; &nbsp; The City of San Carlos focused on peanut and fish processing. Sagay and bago focused on meat processing, while Silay City on fish processing. The City of Himamaylan is on sardines, and in Sipalay focused on fish processing specially on their famous BARONGAY product. The municipality of E.B Magalona focused on bangus deboning.</p>\r\n\r\n<p style=\"text-align:justify\">&nbsp;</p>\r\n\r\n<p style=\"text-align:justify\">&nbsp; &nbsp; &nbsp; &nbsp; &nbsp; The food technology instructors are tasked to provide the needed skills along with the TLDC Livelihood project that each City is embarking on while the local government units provide the training venue for the project and the training equipment and machine were provided by the Department of Science and Technology.</p>\r\n\r\n<p style=\"text-align:justify\">&nbsp;</p>\r\n'),
(8, 'Announcements', '<pre>\r\n<span style=\"font-size:medium\"><em><strong>Announcements</strong></em></span></pre>\r\n\r\n<p>Examination Period: October 9-11, 2013</p>\r\n\r\n<p>Semestrial Break: October 12- November 3, 2013</p>\r\n\r\n<p>FASKFJASKFAFASFMFAS</p>\r\n\r\n<p>GASGA</p>\r\n'),
(10, 'Calendar', '<pre style=\"text-align:center\">\r\n<span style=\"font-size:medium\"><strong>&nbsp;CALENDAR OF EVENT</strong></span></pre>\r\n\r\n<table align=\"center\" cellpadding=\"0\" cellspacing=\"0\" style=\"line-height:1.6em; margin-left:auto; margin-right:auto\">\r\n	<tbody>\r\n		<tr>\r\n			<td>\r\n			<p>First Semester &nbsp; &nbsp; &nbsp; &nbsp; &nbsp; &nbsp; &nbsp; &nbsp; &nbsp; &nbsp; &nbsp; &nbsp; &nbsp; &nbsp; &nbsp; &nbsp; &nbsp; &nbsp; &nbsp; &nbsp; &nbsp; &nbsp; &nbsp; &nbsp; &nbsp; &nbsp; &nbsp; &nbsp; &nbsp; &nbsp; &nbsp; &nbsp; &nbsp;</p>\r\n			</td>\r\n			<td>\r\n			<p>June 10, 2013 to October 11, 2013&nbsp;</p>\r\n			</td>\r\n		</tr>\r\n		<tr>\r\n			<td>\r\n			<p>Semestral Break</p>\r\n			</td>\r\n			<td>\r\n			<p>Oct. 12, 2013 to November 3, 2013</p>\r\n			</td>\r\n		</tr>\r\n		<tr>\r\n			<td>\r\n			<p>Second Semester</p>\r\n			</td>\r\n			<td>\r\n			<p>Nov. 5, 2013 to March 27, 2014</p>\r\n			</td>\r\n		</tr>\r\n		<tr>\r\n			<td>\r\n			<p>Summer Break</p>\r\n			</td>\r\n			<td>\r\n			<p>March 27, 2014 to April 8, 2014</p>\r\n			</td>\r\n		</tr>\r\n		<tr>\r\n			<td>\r\n			<p>Summer</p>\r\n			</td>\r\n			<td>\r\n			<p>April 8 , 2014 to May 24, 2014</p>\r\n			</td>\r\n		</tr>\r\n	</tbody>\r\n</table>\r\n\r\n<p style=\"text-align:center\">&nbsp;</p>\r\n\r\n<table cellpadding=\"0\" cellspacing=\"0\" style=\"line-height:1.6em; margin-left:auto; margin-right:auto\">\r\n	<tbody>\r\n		<tr>\r\n			<td colspan=\"4\">\r\n			<p><strong>June 5, 2013 to October 11, 2013 &ndash; First Semester AY 2013-2014</strong></p>\r\n			</td>\r\n		</tr>\r\n		<tr>\r\n			<td>\r\n			<p>June 4, 2013 &nbsp; &nbsp; &nbsp; &nbsp;</p>\r\n			</td>\r\n			<td>\r\n			<p>Orientation with the Parents of the College&nbsp;Freshmen</p>\r\n			</td>\r\n		</tr>\r\n		<tr>\r\n			<td>\r\n			<p>June 5</p>\r\n			</td>\r\n			<td>\r\n			<p>First Day of Service</p>\r\n			</td>\r\n		</tr>\r\n		<tr>\r\n			<td>\r\n			<p>June 5</p>\r\n			</td>\r\n			<td>\r\n			<p>College Personnel General Assembly</p>\r\n			</td>\r\n		</tr>\r\n		<tr>\r\n			<td>\r\n			<p>June 6,7</p>\r\n			</td>\r\n			<td>\r\n			<p>In-Service Training (Departmental)</p>\r\n			</td>\r\n		</tr>\r\n		<tr>\r\n			<td>\r\n			<p>June 10</p>\r\n			</td>\r\n			<td>\r\n			<p>First Day of Classes</p>\r\n			</td>\r\n		</tr>\r\n		<tr>\r\n			<td>\r\n			<p>June 14</p>\r\n			</td>\r\n			<td>\r\n			<p>Orientation with Students by College/Campus/Department</p>\r\n			</td>\r\n		</tr>\r\n		<tr>\r\n			<td>\r\n			<p>June 19,20,21</p>\r\n			</td>\r\n			<td>\r\n			<p>Branch/Campus Visit for Administrative / Academic/Accreditation/ Concerns</p>\r\n			</td>\r\n		</tr>\r\n		<tr>\r\n			<td rowspan=\"2\">\r\n			<p>June</p>\r\n			</td>\r\n			<td>\r\n			<p>Club Organizations (By Discipline/Programs)</p>\r\n			</td>\r\n		</tr>\r\n		<tr>\r\n			<td>\r\n			<p>Student Affiliation/Induction Programs</p>\r\n			</td>\r\n		</tr>\r\n		<tr>\r\n			<td>\r\n			<p>July</p>\r\n			</td>\r\n			<td>\r\n			<p>Nutrition Month (Sponsor: Laboratory School)</p>\r\n			</td>\r\n		</tr>\r\n		<tr>\r\n			<td>\r\n			<p>July 11, 12</p>\r\n			</td>\r\n			<td>\r\n			<p>Long Tests</p>\r\n			</td>\r\n		</tr>\r\n		<tr>\r\n			<td>\r\n			<p>August&nbsp; 8, 9</p>\r\n			</td>\r\n			<td>\r\n			<p>Midterm Examinations</p>\r\n			</td>\r\n		</tr>\r\n		<tr>\r\n			<td>\r\n			<p>August 19</p>\r\n			</td>\r\n			<td>\r\n			<p>ArawngLahi</p>\r\n			</td>\r\n		</tr>\r\n		<tr>\r\n			<td>\r\n			<p>August 23</p>\r\n			</td>\r\n			<td>\r\n			<p>Submission of Grade Sheets for Midterm</p>\r\n			</td>\r\n		</tr>\r\n		<tr>\r\n			<td>\r\n			<p>August</p>\r\n			</td>\r\n			<td>\r\n			<p>Recognition Program (Dean&rsquo;s List)</p>\r\n			</td>\r\n		</tr>\r\n		<tr>\r\n			<td>\r\n			<p>August 26</p>\r\n			</td>\r\n			<td>\r\n			<p>National Heroes Day (Regular Holiday)</p>\r\n			</td>\r\n		</tr>\r\n		<tr>\r\n			<td>\r\n			<p>August 28, 29, 30</p>\r\n			</td>\r\n			<td>\r\n			<p>Sports and Cultural Meet</p>\r\n			</td>\r\n		</tr>\r\n		<tr>\r\n			<td>\r\n			<p>September 19,20</p>\r\n			</td>\r\n			<td>\r\n			<p>Long Tests</p>\r\n			</td>\r\n		</tr>\r\n		<tr>\r\n			<td>\r\n			<p>October 5</p>\r\n			</td>\r\n			<td>\r\n			<p>Teachers&rsquo; Day / World Teachers&rsquo; Day</p>\r\n			</td>\r\n		</tr>\r\n		<tr>\r\n			<td>\r\n			<p>October 10, 11</p>\r\n			</td>\r\n			<td>\r\n			<p>Final Examination</p>\r\n			</td>\r\n		</tr>\r\n		<tr>\r\n			<td>\r\n			<p>October 12</p>\r\n			</td>\r\n			<td>\r\n			<p>Semestral Break</p>\r\n			</td>\r\n		</tr>\r\n	</tbody>\r\n</table>\r\n\r\n<p style=\"text-align:center\">&nbsp;</p>\r\n\r\n<table cellpadding=\"0\" cellspacing=\"0\" style=\"margin-left:auto; margin-right:auto\">\r\n	<tbody>\r\n		<tr>\r\n			<td colspan=\"4\">\r\n			<p><strong>Nov. 4, 2013 to March 27, 2014 &ndash; Second Semester AY 2013-2014</strong></p>\r\n			</td>\r\n		</tr>\r\n		<tr>\r\n			<td>\r\n			<p>November 4 &nbsp; &nbsp; &nbsp; &nbsp; &nbsp; &nbsp; &nbsp; &nbsp; &nbsp; &nbsp; &nbsp; &nbsp; &nbsp; &nbsp; &nbsp; &nbsp; &nbsp; &nbsp; &nbsp; &nbsp; &nbsp; &nbsp; &nbsp;</p>\r\n			</td>\r\n			<td>\r\n			<p>Start of Classes</p>\r\n			</td>\r\n		</tr>\r\n		<tr>\r\n			<td>\r\n			<p>November 19, 20, 21, 22</p>\r\n			</td>\r\n			<td>\r\n			<p>Intercampus Sports and Cultural Fest/College Week</p>\r\n			</td>\r\n		</tr>\r\n		<tr>\r\n			<td>\r\n			<p>December 5, 6</p>\r\n			</td>\r\n			<td>\r\n			<p>Long Tests</p>\r\n			</td>\r\n		</tr>\r\n		<tr>\r\n			<td>\r\n			<p>December 19,20</p>\r\n			</td>\r\n			<td>\r\n			<p>Thanksgiving Celebrations</p>\r\n			</td>\r\n		</tr>\r\n		<tr>\r\n			<td>\r\n			<p>December 21</p>\r\n			</td>\r\n			<td>\r\n			<p>Start of Christmas Vacation</p>\r\n			</td>\r\n		</tr>\r\n		<tr>\r\n			<td>\r\n			<p>December 25</p>\r\n			</td>\r\n			<td>\r\n			<p>Christmas Day (Regular Holiday)</p>\r\n			</td>\r\n		</tr>\r\n		<tr>\r\n			<td>\r\n			<p>December 30</p>\r\n			</td>\r\n			<td>\r\n			<p>Rizal Day (Regular Holiday)</p>\r\n			</td>\r\n		</tr>\r\n		<tr>\r\n			<td>\r\n			<p>January 6, 2014</p>\r\n			</td>\r\n			<td>\r\n			<p>Classes Resume</p>\r\n			</td>\r\n		</tr>\r\n		<tr>\r\n			<td>\r\n			<p>January 9, 10</p>\r\n			</td>\r\n			<td>\r\n			<p>Midterm Examinations</p>\r\n			</td>\r\n		</tr>\r\n		<tr>\r\n			<td>\r\n			<p>January 29</p>\r\n			</td>\r\n			<td>\r\n			<p>Submission of Grades Sheets for Midterm</p>\r\n			</td>\r\n		</tr>\r\n		<tr>\r\n			<td>\r\n			<p>February 13, 14</p>\r\n			</td>\r\n			<td>\r\n			<p>Long Tests</p>\r\n			</td>\r\n		</tr>\r\n		<tr>\r\n			<td>\r\n			<p>March 6, 7</p>\r\n			</td>\r\n			<td>\r\n			<p>Final Examinations (Graduating)</p>\r\n			</td>\r\n		</tr>\r\n		<tr>\r\n			<td>\r\n			<p>March 13, 14</p>\r\n			</td>\r\n			<td>\r\n			<p>Final Examinations (Non-Graduating)</p>\r\n			</td>\r\n		</tr>\r\n		<tr>\r\n			<td>\r\n			<p>March 17, 18, 19, 20, 21</p>\r\n			</td>\r\n			<td>\r\n			<p>Recognition / Graduation Rites</p>\r\n			</td>\r\n		</tr>\r\n		<tr>\r\n			<td>\r\n			<p>March 27</p>\r\n			</td>\r\n			<td>\r\n			<p>Last Day of Service for Faculty</p>\r\n			</td>\r\n		</tr>\r\n		<tr>\r\n			<td>\r\n			<p>June 5, 2014</p>\r\n			</td>\r\n			<td>\r\n			<p>First Day of Service for SY 2014-2015</p>\r\n			</td>\r\n		</tr>\r\n	</tbody>\r\n</table>\r\n\r\n<p style=\"text-align:center\">&nbsp;</p>\r\n\r\n<table border=\"1\" cellpadding=\"0\" cellspacing=\"0\" style=\"margin-left:auto; margin-right:auto\">\r\n	<tbody>\r\n		<tr>\r\n			<td colspan=\"2\">\r\n			<p><strong>FLAG RAISING CEREMONY-TALISAY CAMPUS</strong></p>\r\n			</td>\r\n		</tr>\r\n		<tr>\r\n			<td>\r\n			<p>MONTHS &nbsp; &nbsp; &nbsp; &nbsp; &nbsp; &nbsp; &nbsp; &nbsp; &nbsp; &nbsp; &nbsp; &nbsp; &nbsp; &nbsp; &nbsp; &nbsp; &nbsp; &nbsp; &nbsp; &nbsp; &nbsp; &nbsp; &nbsp; &nbsp; &nbsp; &nbsp; &nbsp; &nbsp; &nbsp; &nbsp; &nbsp; &nbsp; &nbsp; &nbsp; &nbsp; &nbsp; &nbsp; &nbsp; &nbsp; &nbsp; &nbsp; &nbsp; &nbsp; &nbsp; &nbsp; &nbsp; &nbsp; &nbsp; &nbsp; &nbsp;&nbsp;</p>\r\n			</td>\r\n			<td>\r\n			<p>UNIT-IN-CHARGE</p>\r\n			</td>\r\n		</tr>\r\n		<tr>\r\n			<td>\r\n			<p>June, Sept. and Dec. 2013, March 2014</p>\r\n			</td>\r\n			<td>\r\n			<p>COE</p>\r\n			</td>\r\n		</tr>\r\n		<tr>\r\n			<td>\r\n			<p>July and October 2013, Jan. 2014</p>\r\n			</td>\r\n			<td>\r\n			<p>SAS</p>\r\n			</td>\r\n		</tr>\r\n		<tr>\r\n			<td>\r\n			<p>August and November 2013, Feb. 2014</p>\r\n\r\n			<p>April and May 2014</p>\r\n			</td>\r\n			<td>\r\n			<p>CIT</p>\r\n\r\n			<p>GASS</p>\r\n			</td>\r\n		</tr>\r\n	</tbody>\r\n</table>\r\n'),
(11, 'Directories', '<div class=\"jsn-article-content\" style=\"text-align: left;\">\r\n<pre>\r\n<span style=\"font-size:medium\"><em><strong>DIRECTORIES</strong></em></span></pre>\r\n\r\n<ul>\r\n	<li>Lab School - 712-0848</li>\r\n	<li>Accounting - 495-5560</li>\r\n	<li>Presidents Office - 495-4064(telefax)</li>\r\n	<li>VPA/PME - 495-1635</li>\r\n	<li>Registrar Office - 495-4657(telefax)</li>\r\n	<li>Cashier - 712-7272</li>\r\n	<li>CIT - 712-0670</li>\r\n	<li>SAS/COE - 495-6017</li>\r\n	<li>BAC - 712-8404(telefax)</li>\r\n	<li>Records - 495-3470</li>\r\n	<li>Supply - 495-3767</li>\r\n	<li>Internet Lab - 712-6144/712-6459</li>\r\n	<li>COA - 495-5748</li>\r\n	<li>Guard House - 476-1600</li>\r\n	<li>HRM - 495-4996</li>\r\n	<li>Extension - 457-2819</li>\r\n	<li>Canteen - 495-5396</li>\r\n	<li>Research - 712-8464</li>\r\n	<li>Library - 495-5143</li>\r\n	<li>OSA - 495-1152</li>\r\n</ul>\r\n</div>\r\n'),
(12, 'president', '<p>It is my great pleasure and privilege to welcome you to CHMSC&rsquo;s official website. Accept my deep appreciation for continuously taking interest in CHMSC and its programs and activities.<br /> Recently, the challenges of the knowledge era of the 21st Century led me to think very deeply how educational institutions of higher learning must vigorously pursue relevant e<img style=\"float: left;\" src=\"images/president.jpg\" alt=\"\" />ducation to compete with and respond to the challenges of globalization. As an international fellow, I realized that in the face of this globalization and technological advancement, educational institutions are compelled to work extraordinary in educating the youths and enhancing their potentials for gainful employment and realization of their dreams to become effective citizens.<br /><br /> Honored and humbled to be given the opportunity for stewardship of this good College, I am fully aware that the goal is to make CHMSC as the center of excellence or development in various fields. The vision, CHMSC ExCELS: Excellence, Competence and Educational Leadership in Science and Technology is a profound battle cry for each member of CHMSC Community. A CHMSCian must be technologically and academically competent, socially mature, safety conscious with care for the environment, a good citizen and possesses high moral values. The way the College is being managed, the internal and the external culture of all stockholders, and the efforts for quality and excellence will result to the establishment of the good corporate image of the College. The hallmark is reflected as the image of the good institution.<br /><br /> The tasks at hand call for our full cooperation, support and active participation. Therefore, I urge everyone to help me in the crusade to <br /><br /></p>\r\n<p style=\"text-align: justify;\"><span style=\"line-height: 1.3em;\">Provide wider access to CHMSC programs;</span></p>\r\n<p style=\"text-align: justify;\"><span style=\"line-height: 1.3em;\">&nbsp; &nbsp; &nbsp; &nbsp; &nbsp; &nbsp; &nbsp; &nbsp;* Harness the potentials of students thru effective teaching and learning methodologies and techniques;</span></p>\r\n<p style=\"text-align: justify;\"><span style=\"line-height: 1.3em;\">&nbsp; &nbsp; &nbsp; &nbsp; &nbsp; &nbsp; &nbsp; &nbsp;* Enable CHMSC Environment for All through secure green campus;</span></p>\r\n<p style=\"text-align: justify;\"><span style=\"line-height: 1.3em;\">&nbsp; &nbsp; &nbsp; &nbsp; &nbsp; &nbsp; &nbsp; &nbsp;* Advocate green movement, protect intellectual property and stimulate innovation;</span></p>\r\n<p style=\"text-align: justify;\"><span style=\"line-height: 1.3em;\">&nbsp; &nbsp; &nbsp; &nbsp; &nbsp; &nbsp; &nbsp; &nbsp;* Promote lifelong learning;</span></p>\r\n<p style=\"text-align: justify;\"><span style=\"line-height: 1.3em;\">&nbsp; &nbsp; &nbsp; &nbsp; &nbsp; &nbsp; &nbsp; &nbsp;* Conduct Research and Development for community and poverty alleviation;</span></p>\r\n<p style=\"text-align: justify;\"><span style=\"line-height: 1.3em;\">&nbsp; &nbsp; &nbsp; &nbsp; &nbsp; &nbsp; &nbsp; &nbsp;* Share and disseminate knowledge through publication and extension outreach to communities; and</span></p>\r\n<p style=\"text-align: justify;\"><span style=\"line-height: 1.3em;\">&nbsp; &nbsp; &nbsp; &nbsp; &nbsp; &nbsp; &nbsp; &nbsp;*Strengthen Institute-industry linkages and public-private partnership for mutual interest.</span></p>\r\n<p style=\"text-align: justify;\"><br /><span style=\"line-height: 1.3em; text-align: justify;\">Together, WE can make CHMSC</span></p>\r\n<p style=\"text-align: justify;\"><br /><span style=\"line-height: 1.3em;\">&nbsp; &nbsp; &nbsp; &nbsp; &nbsp; &nbsp; &nbsp; &nbsp;*A model green institution for Human Resources Development, a builder of human resources in the knowledge era of the 21st Century;</span></p>\r\n<p style=\"text-align: justify;\"><span style=\"line-height: 1.3em;\">&nbsp; &nbsp; &nbsp; &nbsp; &nbsp; &nbsp; &nbsp; *A center for curricular innovations and research especially in education, technology, engineering, ICT and entrepreneurship; and</span></p>\r\n<p style=\"text-align: justify;\"><span style=\"line-height: 1.3em;\">&nbsp; &nbsp; &nbsp; &nbsp; &nbsp; &nbsp; &nbsp; *A Provider of quality graduates in professional and technological programs for industry and community.</span></p>\r\n<p style=\"text-align: justify;\"><br /><br /> Dear readers and guests, these are the challenges for every CHMSCian to hurdle and the dreams to realize. This website will be one of the connections with you as we ardently take each step. Feel free to visit often and be kept posted as we continue to work for discoveries and advancement that will bring benefits to the lives of the students, the community, and the world, as a whole.<br /><br /> Warmest welcome and I wish you well!</p>\r\n<p style=\"text-align: justify;\"><br /><br /></p>\r\n<p style=\"text-align: justify;\">RENATO M. SOROLLA, Ph.D.<br />SUC President II</p>'),
(13, 'motto', '<p><strong><span style=\"color:#FFF0F5\"><span style=\"font-family:arial,helvetica,sans-serif\">CHMSC EXCELS:</span></span></strong></p>\r\n\r\n<p><strong><span style=\"color:#FFF0F5\"><span style=\"font-family:arial,helvetica,sans-serif\">Excellence, Competence and Educational</span></span></strong></p>\r\n\r\n<p><strong><span style=\"color:#FFF0F5\"><span style=\"font-family:arial,helvetica,sans-serif\">Leadership in Science and Technology</span></span></strong></p>\r\n'),
(14, 'Campuses', '<pre>\r\n<span style=\"font-size:16px\"><strong>Campuses</strong></span></pre>\r\n\r\n<ul>\r\n	<li>Alijis Campus</li>\r\n	<li>Binalbagan Campus</li>\r\n	<li>Fortunetown Campus</li>\r\n	<li>Talisay Campus<br />\r\n	&nbsp;</li>\r\n</ul>\r\n');

-- --------------------------------------------------------

--
-- Table structure for table `department`
--

CREATE TABLE `department` (
  `department_id` int(11) NOT NULL,
  `department_name` varchar(100) NOT NULL,
  `dean` varchar(100) NOT NULL
) ENGINE=InnoDB DEFAULT CHARSET=latin1;

--
-- Dumping data for table `department`
--

INSERT INTO `department` (`department_id`, `department_name`, `dean`) VALUES
(4, 'Sample Department', 'DR. John Smith');

-- --------------------------------------------------------

--
-- Table structure for table `event`
--

CREATE TABLE `event` (
  `event_id` int(11) NOT NULL,
  `event_title` varchar(100) NOT NULL,
  `teacher_class_id` int(11) NOT NULL,
  `date_start` varchar(100) NOT NULL,
  `date_end` varchar(100) NOT NULL
) ENGINE=InnoDB DEFAULT CHARSET=latin1;

--
-- Dumping data for table `event`
--

INSERT INTO `event` (`event_id`, `event_title`, `teacher_class_id`, `date_start`, `date_end`) VALUES
(12, ' 	  Orientation with the Parents of the College Freshmen', 0, '06/04/2013', '06/04/2013'),
(13, 'Start of Classes', 0, '11/04/2013', '11/04/2013'),
(14, 'Intercampus Sports and Cultural Fest/College Week', 0, '11/19/2013', '11/22/2013'),
(15, 'Long Test', 113, '12/05/2013', '12/06/2013'),
(16, 'Long Test', 0, '12/05/2013', '12/06/2013'),
(17, 'sdasf', 147, '11/16/2013', '11/16/2013'),
(18, 'Sample', 186, '12/22/2020', '12/24/2020');

-- --------------------------------------------------------

--
-- Table structure for table `files`
--

CREATE TABLE `files` (
  `file_id` int(11) NOT NULL,
  `floc` varchar(500) NOT NULL,
  `fdatein` varchar(200) NOT NULL,
  `fdesc` varchar(100) NOT NULL,
  `teacher_id` int(11) NOT NULL,
  `class_id` int(11) NOT NULL,
  `fname` varchar(100) NOT NULL,
  `uploaded_by` varchar(100) NOT NULL
) ENGINE=MyISAM DEFAULT CHARSET=latin1;

--
-- Dumping data for table `files`
--

INSERT INTO `files` (`file_id`, `floc`, `fdatein`, `fdesc`, `teacher_id`, `class_id`, `fname`, `uploaded_by`) VALUES
(133, 'admin/uploads/7939_File_449E26DB.jpg', '2014-02-20 10:31:38', 'sas', 14, 177, 'sss', ''),
(132, 'admin/uploads/7939_File_449E26DB.jpg', '2014-02-20 10:29:53', 'sas', 14, 178, 'sss', ''),
(131, 'admin/uploads/7939_File_449E26DB.jpg', '2014-02-20 10:28:09', 'sas', 14, 12, 'sss', ''),
(129, 'admin/uploads/7939_File_449E26DB.jpg', '2014-02-20 10:12:38', 'sas', 0, 12, 'sss', ''),
(130, 'admin/uploads/7939_File_449E26DB.jpg', '2014-02-20 10:26:11', 'sas', 0, 12, 'sss', ''),
(128, 'admin/uploads/7614_File_1476273_644977475552481_2029187901_n.jpg', '2014-02-13 13:31:18', 'qwwqw', 12, 185, 'kevi', 'Ruby Mae Morante'),
(127, 'admin/uploads/1085_File_Resume.docx', '2014-02-13 12:53:09', 'q', 12, 183, 'q', 'Ruby Mae Morante'),
(126, 'admin/uploads/7895_File_PERU REPORT.pptx', '2014-02-13 12:35:42', 'chapter 1', 12, 182, 'chapter 1', 'Ruby Mae Morante'),
(125, 'admin/uploads/2658_File_kevin.docx', '2014-02-13 11:10:56', 'test', 12, 181, 'test', 'Ruby Mae Morante'),
(123, 'admin/uploads/4801_File_painting-02.jpg', '2013-12-11 12:02:46', 'jdkasjfd', 12, 163, 'Test', 'Ruby Mae Morante'),
(122, 'admin/uploads/3985_File_win_boot_screen_16_9_by_medi_dadu-d4s7dc1.gif', '2013-12-07 20:00:22', 'dasdasd', 12, 145, 'dasd', 'Ruby Mae Morante'),
(121, 'admin/uploads/7439_File_win_boot_screen_16_9_by_medi_dadu-d4s7dc1.gif', '2013-12-07 19:59:46', 'asdad', 12, 162, 'kevin', 'Ruby Mae Morante'),
(120, 'admin/uploads/7439_File_win_boot_screen_16_9_by_medi_dadu-d4s7dc1.gif', '2013-12-07 19:59:46', 'asdad', 12, 145, 'kevin', 'Ruby Mae Morante'),
(119, 'admin/uploads/3166_File_win_boot_screen_16_9_by_medi_dadu-d4s7dc1.gif', '2013-12-07 19:58:44', 'kevin', 12, 145, 'kevin', 'Ruby Mae Morante'),
(118, 'admin/uploads/4849_File_win_boot_screen_16_9_by_medi_dadu-d4s7dc1.gif', '2013-11-26 23:59:20', 'q', 0, 162, 'qq', 'StephanieVillanueva'),
(117, 'admin/uploads/9467_File_win_boot_screen_16_9_by_medi_dadu-d4s7dc1.gif', '2013-11-26 10:42:37', 'test', 0, 162, 'report group 1', 'MarrianneTumala'),
(116, 'admin/uploads/5990_File_win_boot_screen_16_9_by_medi_dadu-d4s7dc1.gif', '2013-11-26 02:51:24', 'w', 12, 162, 'w', 'Ruby Mae Morante'),
(115, 'admin/uploads/5990_File_win_boot_screen_16_9_by_medi_dadu-d4s7dc1.gif', '2013-11-26 02:51:24', 'w', 12, 145, 'w', 'Ruby Mae Morante'),
(138, 'admin/uploads/3952_File_sample.pdf', '2020-12-21 09:24:50', 'Sample', 9, 186, 'Sample', 'JomarPabuaya'),
(139, 'admin/uploads/3579_File_sample.pdf', '2020-12-21 09:38:22', 'adasd', 9, 186, '234234', 'JomarPabuaya'),
(140, 'admin/uploads/6898_File_sample.pdf', '2020-12-21 09:39:32', 'adasd', 9, 186, '234234', 'JomarPabuaya'),
(141, 'admin/uploads/9782_File_sample.pdf', '2020-12-21 09:40:28', 'adasd', 9, 186, '234234', 'JomarPabuaya'),
(142, 'admin/uploads/5034_File_TEST_PNG.png', '2021-06-05 10:07:52', 'Desc', 0, 172, 'Jay', 'Mark DominicSayon');

-- --------------------------------------------------------

--
-- Table structure for table `file_syllabus`
--

CREATE TABLE `file_syllabus` (
  `file_id` int(90) NOT NULL,
  `file_loc` varchar(500) NOT NULL,
  `fdate_in` varchar(500) NOT NULL DEFAULT current_timestamp(),
  `fbatch` varchar(90) NOT NULL,
  `fyrlvl` varchar(90) NOT NULL,
  `teacher_id` int(90) NOT NULL
) ENGINE=InnoDB DEFAULT CHARSET=utf8mb4;

--
-- Dumping data for table `file_syllabus`
--

INSERT INTO `file_syllabus` (`file_id`, `file_loc`, `fdate_in`, `fbatch`, `fyrlvl`, `teacher_id`) VALUES
(4, 'uploads/8330_syllabus_modules_apk.txt', '2021-06-05 08:27:07', '2021-2022', '4', 34),
(5, 'uploads/6491_syllabus_modules_apk.txt', '2021-06-05 08:27:42', '2021-2022', '3', 34),
(6, 'uploads/3933_syllabus_modules_apk.txt', '2021-06-05 08:27:53', '2021-2022', '2', 34),
(7, 'uploads/5797_syllabus_modules_apk.txt', '2021-06-05 08:28:03', '2021-2022', '1', 34),
(11, 'uploads/5397_syllabus_TEST_PNG.png', '2021-06-05 10:32:59', '2020-2021', '1', 34),
(12, 'uploads/8437_syllabus_TEST_JPG.jpg', '2021-06-05 10:33:15', '2020-2021', '2', 34),
(13, 'uploads/6983_syllabus_TEST_BMP.bmp', '2021-06-05 10:33:31', '2020-2021', '3', 34),
(14, 'uploads/2196_syllabus_1.png', '2021-06-05 10:34:04', '2020-2021', '4', 34);

-- --------------------------------------------------------

--
-- Table structure for table `message`
--

CREATE TABLE `message` (
  `message_id` int(11) NOT NULL,
  `reciever_id` int(11) NOT NULL,
  `content` varchar(200) NOT NULL,
  `date_sended` varchar(100) NOT NULL,
  `sender_id` int(11) NOT NULL,
  `reciever_name` varchar(50) NOT NULL,
  `sender_name` varchar(200) NOT NULL,
  `message_status` varchar(100) NOT NULL
) ENGINE=InnoDB DEFAULT CHARSET=latin1;

--
-- Dumping data for table `message`
--

INSERT INTO `message` (`message_id`, `reciever_id`, `content`, `date_sended`, `sender_id`, `reciever_name`, `sender_name`, `message_status`) VALUES
(2, 11, 'fasf', '2013-11-13 13:15:47', 42, 'Aladin Cabrera', 'john kevin lorayna', ''),
(4, 71, 'bcjhbcjksdbckldj', '2013-11-25 15:59:13', 71, 'Noli Mendoza', 'Noli Mendoza', 'read'),
(17, 12, 'tst', '2013-12-01 23:38:40', 93, 'Ruby Mae  Morante', 'John Kevin  Lorayna', ''),
(19, 12, 'fasfaf', '2013-12-01 23:56:17', 93, 'Ruby Mae  Morante', 'John Kevin  Lorayna', ''),
(27, 93, 'fa', '2013-12-02 00:01:54', 12, 'John Kevin  Lorayna', 'Ruby Mae  Morante', ''),
(28, 136, 'Submit your classcard', '2014-02-13 13:35:21', 12, 'Jorgielyn Serfino', 'Ruby Mae  Morante', ''),
(29, 18, 'Test message', '2020-12-21 08:51:10', 9, 'Allan Dela Torre', 'Jomar Pabuaya', '');

-- --------------------------------------------------------

--
-- Table structure for table `message_sent`
--

CREATE TABLE `message_sent` (
  `message_sent_id` int(11) NOT NULL,
  `reciever_id` int(11) NOT NULL,
  `content` varchar(200) NOT NULL,
  `date_sended` varchar(100) NOT NULL,
  `sender_id` int(11) NOT NULL,
  `reciever_name` varchar(100) NOT NULL,
  `sender_name` varchar(100) NOT NULL
) ENGINE=InnoDB DEFAULT CHARSET=latin1;

--
-- Dumping data for table `message_sent`
--

INSERT INTO `message_sent` (`message_sent_id`, `reciever_id`, `content`, `date_sended`, `sender_id`, `reciever_name`, `sender_name`) VALUES
(1, 42, 'sad', '2013-11-12 22:50:05', 42, 'john kevin lorayna', 'john kevin lorayna'),
(2, 11, 'fasf', '2013-11-13 13:15:47', 42, 'Aladin Cabrera', 'john kevin lorayna'),
(3, 12, 'bjhkcbkjsdnckldvls', '2013-11-25 15:58:55', 71, 'Ruby Mae  Morante', 'Noli Mendoza'),
(4, 71, 'bcjhbcjksdbckldj', '2013-11-25 15:59:13', 71, 'Noli Mendoza', 'Noli Mendoza'),
(5, 12, 'test', '2013-11-30 20:54:05', 93, 'Ruby Mae  Morante', 'John Kevin  Lorayna'),
(11, 12, 'tst', '2013-12-01 23:38:40', 93, 'Ruby Mae  Morante', 'John Kevin  Lorayna'),
(12, 12, 'fasfasf', '2013-12-01 23:49:13', 93, 'Ruby Mae  Morante', 'John Kevin  Lorayna'),
(13, 136, 'Submit your classcard', '2014-02-13 13:35:21', 12, 'Jorgielyn Serfino', 'Ruby Mae  Morante'),
(14, 18, 'Test message', '2020-12-21 08:51:10', 9, 'Allan Dela Torre', 'Jomar Pabuaya');

-- --------------------------------------------------------

--
-- Table structure for table `notification`
--

CREATE TABLE `notification` (
  `notification_id` int(11) NOT NULL,
  `teacher_class_id` int(11) NOT NULL,
  `notification` varchar(100) NOT NULL,
  `date_of_notification` varchar(50) NOT NULL,
  `link` varchar(100) NOT NULL
) ENGINE=InnoDB DEFAULT CHARSET=latin1;

--
-- Dumping data for table `notification`
--

INSERT INTO `notification` (`notification_id`, `teacher_class_id`, `notification`, `date_of_notification`, `link`) VALUES
(2, 0, 'Add Downloadable Materials file name <b>sss</b>', '2014-01-17 14:35:32', 'downloadable_student.php'),
(3, 167, 'Add Annoucements', '2014-01-17 14:36:32', 'announcements_student.php'),
(4, 0, 'Add Downloadable Materials file name <b>test</b>', '2014-02-13 11:10:56', 'downloadable_student.php'),
(5, 167, 'Add Assignment file name <b>q</b>', '2014-02-13 11:27:59', 'assignment_student.php'),
(6, 0, 'Add Downloadable Materials file name <b>chapter 1</b>', '2014-02-13 12:35:42', 'downloadable_student.php'),
(7, 0, 'Add Downloadable Materials file name <b>q</b>', '2014-02-13 12:53:09', 'downloadable_student.php'),
(8, 0, 'Add Downloadable Materials file name <b>kevi</b>', '2014-02-13 13:31:18', 'downloadable_student.php'),
(9, 185, 'Add Practice Quiz file', '2014-02-13 13:33:27', 'student_quiz_list.php'),
(10, 167, 'Add Annoucements', '2014-02-13 13:45:59', 'announcements_student.php'),
(11, 0, 'Add Downloadable Materials file name <b>q</b>', '2014-02-21 16:43:38', 'downloadable_student.php'),
(12, 0, 'Add Downloadable Materials file name <b>q</b>', '2014-02-21 16:46:18', 'downloadable_student.php'),
(13, 0, 'Add Downloadable Materials file name <b>q</b>', '2014-02-21 16:46:49', 'downloadable_student.php'),
(14, 0, 'Add Downloadable Materials file name <b>q</b>', '2014-02-21 16:52:30', 'downloadable_student.php'),
(15, 186, 'Add Downloadable Materials file name <b>Sample</b>', '2020-12-21 09:24:50', 'downloadable_student.php'),
(16, 0, 'Add Downloadable Materials file name <b>123</b>', '2020-12-21 09:31:40', 'downloadable_student.php'),
(17, 0, 'Add Downloadable Materials file name <b>234234</b>', '2020-12-21 09:36:27', 'downloadable_student.php'),
(18, 0, 'Add Downloadable Materials file name <b>234234</b>', '2020-12-21 09:38:22', 'downloadable_student.php'),
(19, 186, 'Add Downloadable Materials file name <b>234234</b>', '2020-12-21 09:39:32', 'downloadable_student.php'),
(20, 186, 'Add Downloadable Materials file name <b>234234</b>', '2020-12-21 09:40:28', 'downloadable_student.php'),
(21, 186, 'Add Assignment file name <b>asdasd</b>', '2020-12-21 09:56:48', 'assignment_student.php'),
(22, 186, 'Add Annoucements', '2020-12-21 09:59:00', 'announcements_student.php'),
(23, 186, 'Add Practice Quiz file', '2020-12-21 10:10:11', 'student_quiz_list.php');

-- --------------------------------------------------------

--
-- Table structure for table `notification_read`
--

CREATE TABLE `notification_read` (
  `notification_read_id` int(11) NOT NULL,
  `student_id` int(11) NOT NULL,
  `student_read` varchar(50) NOT NULL,
  `notification_id` int(11) NOT NULL
) ENGINE=InnoDB DEFAULT CHARSET=latin1;

--
-- Dumping data for table `notification_read`
--

INSERT INTO `notification_read` (`notification_read_id`, `student_id`, `student_read`, `notification_id`) VALUES
(1, 219, 'yes', 22),
(2, 219, 'yes', 21),
(3, 219, 'yes', 20),
(4, 219, 'yes', 19),
(5, 219, 'yes', 15);

-- --------------------------------------------------------

--
-- Table structure for table `notification_read_teacher`
--

CREATE TABLE `notification_read_teacher` (
  `notification_read_teacher_id` int(11) NOT NULL,
  `teacher_id` int(11) NOT NULL,
  `student_read` varchar(100) NOT NULL,
  `notification_id` int(11) NOT NULL
) ENGINE=InnoDB DEFAULT CHARSET=latin1;

--
-- Dumping data for table `notification_read_teacher`
--

INSERT INTO `notification_read_teacher` (`notification_read_teacher_id`, `teacher_id`, `student_read`, `notification_id`) VALUES
(1, 12, 'yes', 14),
(2, 12, 'yes', 13),
(3, 12, 'yes', 12),
(4, 12, 'yes', 11),
(5, 12, 'yes', 10),
(6, 12, 'yes', 9),
(7, 12, 'yes', 8),
(8, 12, 'yes', 7);

-- --------------------------------------------------------

--
-- Table structure for table `question_type`
--

CREATE TABLE `question_type` (
  `question_type_id` int(11) NOT NULL,
  `question_type` varchar(150) NOT NULL
) ENGINE=MyISAM DEFAULT CHARSET=latin1;

--
-- Dumping data for table `question_type`
--

INSERT INTO `question_type` (`question_type_id`, `question_type`) VALUES
(1, 'Multiple Choice'),
(2, 'True or False');

-- --------------------------------------------------------

--
-- Table structure for table `quiz`
--

CREATE TABLE `quiz` (
  `quiz_id` int(11) NOT NULL,
  `quiz_title` varchar(50) NOT NULL,
  `quiz_description` varchar(100) NOT NULL,
  `date_added` varchar(100) NOT NULL,
  `teacher_id` int(11) NOT NULL
) ENGINE=InnoDB DEFAULT CHARSET=latin1;

--
-- Dumping data for table `quiz`
--

INSERT INTO `quiz` (`quiz_id`, `quiz_title`, `quiz_description`, `date_added`, `teacher_id`) VALUES
(3, 'Sample Test', 'Test', '2013-12-03 23:01:56', 12),
(4, 'Chapter 1', 'topics', '2013-12-13 01:51:02', 14),
(5, 'test3', '123', '2014-01-16 04:12:07', 12),
(6, 'Sample Quiz', 'Sample 101', '2020-12-21 10:04:11', 9);

-- --------------------------------------------------------

--
-- Table structure for table `quiz_question`
--

CREATE TABLE `quiz_question` (
  `quiz_question_id` int(11) NOT NULL,
  `quiz_id` int(11) NOT NULL,
  `question_text` varchar(100) NOT NULL,
  `question_type_id` int(11) NOT NULL,
  `points` int(11) NOT NULL,
  `date_added` varchar(100) NOT NULL,
  `answer` varchar(100) NOT NULL
) ENGINE=InnoDB DEFAULT CHARSET=latin1;

--
-- Dumping data for table `quiz_question`
--

INSERT INTO `quiz_question` (`quiz_question_id`, `quiz_id`, `question_text`, `question_type_id`, `points`, `date_added`, `answer`) VALUES
(33, 5, '<p>q</p>\r\n', 2, 0, '2014-01-17 04:15:03', 'False'),
(34, 3, '<p>Php Stands for ?</p>\r\n', 1, 0, '2014-01-17 12:25:17', 'C'),
(35, 3, '<p>Echo is a Php code that display the output.</p>\r\n', 2, 0, '2014-01-17 12:26:18', 'True'),
(36, 6, '<p>sample</p>\r\n', 1, 0, '2020-12-21 10:05:09', 'A'),
(37, 6, '<p>asdasd</p>\r\n', 2, 0, '2020-12-21 10:05:25', 'True'),
(38, 6, '<p>sdsd</p>\r\n', 2, 0, '2020-12-21 10:05:35', 'False');

-- --------------------------------------------------------

--
-- Table structure for table `school_year`
--

CREATE TABLE `school_year` (
  `school_year_id` int(11) NOT NULL,
  `school_year` varchar(100) NOT NULL
) ENGINE=InnoDB DEFAULT CHARSET=latin1;

--
-- Dumping data for table `school_year`
--

INSERT INTO `school_year` (`school_year_id`, `school_year`) VALUES
(2, '2012-2013'),
(3, '2013-2014');

-- --------------------------------------------------------

--
-- Table structure for table `student`
--

CREATE TABLE `student` (
  `student_id` int(11) NOT NULL,
  `firstname` varchar(100) NOT NULL,
  `lastname` varchar(100) NOT NULL,
  `class_id` int(11) NOT NULL,
  `username` varchar(100) NOT NULL,
  `password` varchar(100) NOT NULL,
  `location` varchar(100) NOT NULL,
  `status` varchar(100) NOT NULL
) ENGINE=MyISAM DEFAULT CHARSET=latin1;

--
-- Dumping data for table `student`
--

INSERT INTO `student` (`student_id`, `firstname`, `lastname`, `class_id`, `username`, `password`, `location`, `status`) VALUES
(113, 'Clifford', 'Ledesma', 13, '21100324', '', 'uploads/NO-IMAGE-AVAILABLE.jpg', 'Unregistered'),
(112, 'Raymond', 'Serion', 13, '2700372', '', 'uploads/NO-IMAGE-AVAILABLE.jpg', 'Unregistered'),
(111, 'Mark Dominic', 'Sayon', 13, '21100867', 'heni', 'uploads/mark.jpg', 'Unregistered'),
(108, 'Kaye Angela', 'Cueva', 13, '21101151', '', 'uploads/dp.jpg', 'Unregistered'),
(105, 'Neljie', 'Guirnela', 13, '21101131', '', 'uploads/Koala.jpg', 'Unregistered'),
(106, 'Razel', 'Palermo', 13, '29000676', '', 'uploads/razel.jpg', 'Unregistered'),
(103, 'Jade', 'Gordoncillo', 13, '21100617', '', 'uploads/NO-IMAGE-AVAILABLE.jpg', 'Unregistered'),
(104, 'Felix Kirby', 'Ubas', 13, '21100277', 'lms10117', 'uploads/kirb.jpg', 'Unregistered'),
(100, 'Jamilah', 'Lonot', 13, '21100303', '', 'uploads/jamila.jpg', 'Unregistered'),
(101, 'Xenia Jane', 'Billones', 13, '21100318', 'sen', 'uploads/xenia.jpg', 'Unregistered'),
(102, 'Carell', 'Catuburan', 13, '21101124', '', 'uploads/carel.jpg', 'Unregistered'),
(97, 'Mary Joy', 'Lambosan', 13, '20101289', '', 'uploads/Desert.jpg', 'Unregistered'),
(98, 'Christine Joy', 'Macaya', 13, '21100579', '', 'uploads/tin.jpg', 'Unregistered'),
(95, 'Ergin Joy', 'Satoc', 13, '21101142', '', 'uploads/ergin.jpg', 'Unregistered'),
(93, 'John Kevin ', 'Lorayna', 7, '111', 'teph', 'uploads/3094_384893504898082_1563225657_n.jpg', 'Registered'),
(94, 'Leah Mae', 'Padilla', 13, '21100471', '', 'uploads/NO-IMAGE-AVAILABLE.jpg', 'Unregistered'),
(76, 'Jamaica Mae', 'Alipe', 13, '21100555', '123', 'uploads/maica.jpg', 'Registered'),
(107, 'Jose Harry', 'Polondaya', 13, '29001002', 'florypis', 'uploads/harry.jpg', 'Registered'),
(110, 'Zyryn', 'Corugda', 13, '21100881', '', 'uploads/baby.jpg', 'Unregistered'),
(109, 'Rena', 'Lamberto', 13, '29001081', '', 'uploads/ca.jpg', 'Unregistered'),
(99, 'Ryan Teofilo', 'Malbata-an', 13, '21100315', '', 'uploads/NO-IMAGE-AVAILABLE.jpg', 'Unregistered'),
(96, 'Glecy Marie', 'Navarosa', 13, '20101436', '', 'uploads/NO-IMAGE-AVAILABLE.jpg', 'Unregistered'),
(209, 'dhalia', 'hofilena', 20, '21300311', '', 'uploads/NO-IMAGE-AVAILABLE.jpg', 'Unregistered'),
(75, 'Miralyn', 'Pabalate', 13, '21100855', 'em', 'uploads/em2.jpg', 'Unregistered'),
(74, 'Ma. Nonie', 'Mendoza', 13, '21100913', '', 'uploads/nonie.jpg', 'Unregistered'),
(73, 'Stephanie', 'Villanueva', 13, '21101042', 'tephai', 'uploads/3094_384893504898082_1563225657_n.jpg', 'Registered'),
(72, 'Jayvon', 'Pig-ao', 13, '21100547', 'test', 'uploads/von.jpg', 'Unregistered'),
(71, 'Noli', 'Mendoza', 13, '21100556', 'noledel', 'uploads/noli.jpg', 'Registered'),
(134, 'Victor Anthony', 'Jacobo', 12, '21101050', 'akositon', 'uploads/win_boot_screen_16_9_by_medi_dadu-d4s7dc1.gif', 'Registered'),
(135, 'Albert Kezzel', 'Naynay', 14, '20101361', '', 'uploads/NO-IMAGE-AVAILABLE.jpg', 'Unregistered'),
(136, 'Jorgielyn', 'Serfino', 7, '20100331', 'jorgie', 'uploads/Koala.jpg', 'Registered'),
(137, 'Wina Mae', 'Espenorio', 8, '20100447', '', 'uploads/NO-IMAGE-AVAILABLE.jpg', 'Unregistered'),
(138, 'Brian Paul', 'Sablan', 7, '29000557', '', 'uploads/NO-IMAGE-AVAILABLE.jpg', 'Unregistered'),
(139, 'Rodzil', 'Camato', 7, '20100RC', '', 'uploads/NO-IMAGE-AVAILABLE.jpg', 'Unregistered'),
(140, 'Dean Martin', 'Tingson', 14, '21100665', '', 'uploads/NO-IMAGE-AVAILABLE.jpg', 'Unregistered'),
(141, 'Jared Reu', 'Windam', 15, '21100695', 'iloveyoujam', 'uploads/1463666_678111108874417_1795412912_n.jpg', 'Registered'),
(142, 'Lee Ann', 'Vertucio', 12, '21100351', '', 'uploads/NO-IMAGE-AVAILABLE.jpg', 'Unregistered'),
(143, 'Danica', 'Lamis', 12, '21100396', '', 'uploads/NO-IMAGE-AVAILABLE.jpg', 'Unregistered'),
(144, 'Neovi', 'Devierte', 12, '21100557', '', 'uploads/NO-IMAGE-AVAILABLE.jpg', 'Unregistered'),
(145, 'Eril Pio', 'Mercado', 12, '21100291', '', 'uploads/NO-IMAGE-AVAILABLE.jpg', 'Unregistered'),
(146, 'Johnedel', 'Bauno', 12, '21100411', '', 'uploads/NO-IMAGE-AVAILABLE.jpg', 'Unregistered'),
(147, 'Jerwin', 'Delos Reyes', 12, '21100369', 'jerwin27 cute', 'uploads/NO-IMAGE-AVAILABLE.jpg', 'Registered'),
(148, 'Jendrix', 'Victosa', 12, '21100431', '', 'uploads/NO-IMAGE-AVAILABLE.jpg', 'Unregistered'),
(149, 'Jebson', 'Tordillos', 12, '21100406', '', 'uploads/NO-IMAGE-AVAILABLE.jpg', 'Unregistered'),
(150, 'Jethro', 'Pansales', 12, '21101273', '', 'uploads/NO-IMAGE-AVAILABLE.jpg', 'Unregistered'),
(151, 'Karyl June', 'Bacobo', 12, '21100895', '', 'uploads/NO-IMAGE-AVAILABLE.jpg', 'Unregistered'),
(152, 'Kristelle Shaine', 'Rubi', 12, '21101063', '', 'uploads/NO-IMAGE-AVAILABLE.jpg', 'Unregistered'),
(153, 'Richelle', 'Villarmia', 12, '20101392', '', 'uploads/NO-IMAGE-AVAILABLE.jpg', 'Unregistered'),
(154, 'Mae Ann', 'Panugaling', 12, '21100904', '', 'uploads/NO-IMAGE-AVAILABLE.jpg', 'Unregistered'),
(155, 'Ma. Roxette', 'Infante', 12, '21100421', '', 'uploads/NO-IMAGE-AVAILABLE.jpg', 'Unregistered'),
(156, 'Savrena Joy', 'Rael', 12, '2100287', '', 'uploads/NO-IMAGE-AVAILABLE.jpg', 'Unregistered'),
(157, 'Ace John', 'Casuyon', 12, '21100393', 'DianaraSayon', 'uploads/NO-IMAGE-AVAILABLE.jpg', 'Registered'),
(158, 'Rose Mae', 'Pido', 12, '21101195', '', 'uploads/NO-IMAGE-AVAILABLE.jpg', 'Unregistered'),
(159, 'Mary Ann', 'Panaguiton', 12, '21100701', '', 'uploads/NO-IMAGE-AVAILABLE.jpg', 'Unregistered'),
(162, 'kimberly kaye', 'salvatierra', 14, '21101182', 'kimzteng', 'uploads/29001002.jpg', 'Registered'),
(210, 'cherylda', 'ohiman', 20, '21300036', 'sawsa', 'uploads/NO-IMAGE-AVAILABLE.jpg', 'Registered'),
(164, 'Alit', 'Arvin', 14, '20101605', '', 'uploads/NO-IMAGE-AVAILABLE.jpg', 'Unregistered'),
(165, 'Ana Mae', 'Alquizar', 14, '21100785', '', 'uploads/NO-IMAGE-AVAILABLE.jpg', 'Unregistered'),
(166, 'Thessalonica', 'Arroz', 14, '21100651', '', 'uploads/NO-IMAGE-AVAILABLE.jpg', 'Unregistered'),
(167, 'Leslie', 'Campo', 14, '21100265', '', 'uploads/NO-IMAGE-AVAILABLE.jpg', 'Unregistered'),
(168, 'Ace', 'Casolino', 14, '27000921', '', 'uploads/NO-IMAGE-AVAILABLE.jpg', 'Unregistered'),
(169, 'Michael Jed', 'Flores', 14, '21100820', '', 'uploads/NO-IMAGE-AVAILABLE.jpg', 'Unregistered'),
(172, 'Hennie Rose', 'Laz', 14, '21100805', '', 'uploads/NO-IMAGE-AVAILABLE.jpg', 'Unregistered'),
(171, 'Joy', 'Macahilig', 14, '21100464', '', 'uploads/NO-IMAGE-AVAILABLE.jpg', 'Unregistered'),
(173, 'Ma. Nieva', 'Manuel ', 14, '21100711', '', 'uploads/NO-IMAGE-AVAILABLE.jpg', 'Unregistered'),
(174, 'Devina', 'Navarro', 14, '21100711', '', 'uploads/NO-IMAGE-AVAILABLE.jpg', 'Unregistered'),
(175, 'Aimee', 'Orlido', 14, '21100654', '', 'uploads/NO-IMAGE-AVAILABLE.jpg', 'Unregistered'),
(176, 'Mary Grace', 'Quizan', 14, '21100772', '', 'uploads/NO-IMAGE-AVAILABLE.jpg', 'Unregistered'),
(177, 'John Christopher', 'Reguindin', 14, '21100418', '', 'uploads/NO-IMAGE-AVAILABLE.jpg', 'Unregistered'),
(178, 'Mary Ann', 'Somosa', 14, '21101150', '', 'uploads/NO-IMAGE-AVAILABLE.jpg', 'Unregistered'),
(179, 'Marrianne', 'Tumala', 14, '21100710', 'test', 'uploads/win_boot_screen_16_9_by_medi_dadu-d4s7dc1.gif', 'Registered'),
(180, 'Deo Christopher', 'Tribaco', 14, '21101227', '', 'uploads/NO-IMAGE-AVAILABLE.jpg', 'Unregistered'),
(181, 'Jerson', 'Vargas', 14, '21100819', '', 'uploads/NO-IMAGE-AVAILABLE.jpg', 'Unregistered'),
(182, 'Valencia', 'Jeralice', 14, '29000405', '', 'uploads/NO-IMAGE-AVAILABLE.jpg', 'Unregistered'),
(183, 'Cristine', 'Yanson', 14, '21101148', '', 'uploads/NO-IMAGE-AVAILABLE.jpg', 'Unregistered'),
(184, 'Ariane', 'Alix', 17, '21201166', '', 'uploads/NO-IMAGE-AVAILABLE.jpg', 'Unregistered'),
(185, 'Mark Arvin', 'Arandilla', 17, '21201453', '', 'uploads/NO-IMAGE-AVAILABLE.jpg', 'Unregistered'),
(186, 'Ryan Carl', 'Biaquis', 17, '21201244', '', 'uploads/NO-IMAGE-AVAILABLE.jpg', 'Unregistered'),
(187, 'Ria', 'Bitar', 17, '21201282', '', 'uploads/NO-IMAGE-AVAILABLE.jpg', 'Unregistered'),
(188, 'Jeremae', 'Bustamante', 17, '21200798', '', 'uploads/NO-IMAGE-AVAILABLE.jpg', 'Unregistered'),
(189, 'Rhen Mark', 'Callado', 17, '21201012', '', 'uploads/NO-IMAGE-AVAILABLE.jpg', 'Unregistered'),
(190, 'Ma. Geraldine', 'Carisma', 17, '21201219', '', 'uploads/NO-IMAGE-AVAILABLE.jpg', 'Unregistered'),
(191, 'Jenny', 'Casapao', 17, '21200855', '', 'uploads/NO-IMAGE-AVAILABLE.jpg', 'Unregistered'),
(192, 'Welson', 'Castro', 17, '120733', '', 'uploads/NO-IMAGE-AVAILABLE.jpg', 'Unregistered'),
(193, 'Kimberly Hope', 'Centina', 17, '21201338', '', 'uploads/NO-IMAGE-AVAILABLE.jpg', 'Unregistered'),
(194, 'Sandra', 'Gomez', 17, '21201335', '', 'uploads/NO-IMAGE-AVAILABLE.jpg', 'Unregistered'),
(195, 'Dona Jean', 'Guardialao', 17, '21201113', '', 'uploads/NO-IMAGE-AVAILABLE.jpg', 'Unregistered'),
(196, 'Jeara Mae', 'Guttierrez', 17, '21200782', '', 'uploads/NO-IMAGE-AVAILABLE.jpg', 'Unregistered'),
(197, 'Mary Joy', 'Jimenez', 17, '21201437', '', 'uploads/NO-IMAGE-AVAILABLE.jpg', 'Unregistered'),
(198, 'Cyril', 'Lambayong', 17, '21201163', '', 'uploads/NO-IMAGE-AVAILABLE.jpg', 'Unregistered'),
(199, 'Angelie', 'Lape', 17, '21201356', '', 'uploads/NO-IMAGE-AVAILABLE.jpg', 'Unregistered'),
(200, 'Jamine', 'Navarosa', 17, '21201115', '', 'uploads/NO-IMAGE-AVAILABLE.jpg', 'Unregistered'),
(201, 'Allen Joshua', 'Nicor', 17, '21201430', '', 'uploads/NO-IMAGE-AVAILABLE.jpg', 'Unregistered'),
(202, 'Charis', 'Onate', 17, '21200984', '', 'uploads/NO-IMAGE-AVAILABLE.jpg', 'Unregistered'),
(203, 'Ikea', 'Padonio', 17, '20100527', '', 'uploads/NO-IMAGE-AVAILABLE.jpg', 'Unregistered'),
(204, 'Marissa', 'Pasco', 17, '21200935', '', 'uploads/NO-IMAGE-AVAILABLE.jpg', 'Unregistered'),
(205, 'Kenneth', 'Sayon', 17, '21201268', '', 'uploads/NO-IMAGE-AVAILABLE.jpg', 'Unregistered'),
(206, 'Mary Grace', 'Morales', 14, '21100293', '', 'uploads/NO-IMAGE-AVAILABLE.jpg', 'Unregistered'),
(207, 'Danica', 'Delarmente', 14, '21100613', '', 'uploads/NO-IMAGE-AVAILABLE.jpg', 'Unregistered'),
(208, 'Irish Dawn', 'Belo', 19, '21300413', 'olebirish', 'uploads/Desert.jpg', 'Registered'),
(211, 'val', 'roushen', 7, '201011231', '', 'uploads/NO-IMAGE-AVAILABLE.jpg', 'Unregistered'),
(212, 'chrystelle Marie', 'Belecina', 15, '21200363', 'chrys', 'uploads/380903_288008981235527_682004916_n.jpg', 'Registered'),
(213, 'kearl joy', 'bartolome', 18, '21300410', '', 'uploads/NO-IMAGE-AVAILABLE.jpg', 'Unregistered'),
(214, 'marie', 'rojo', 18, '21300375', 'maayeeh', 'uploads/NO-IMAGE-AVAILABLE.jpg', 'Registered'),
(215, 'cristine', 'trespuer', 18, '21300258', '', 'uploads/NO-IMAGE-AVAILABLE.jpg', 'Unregistered'),
(216, 'arian', 'baldostamon', 18, '21300176', '', 'uploads/NO-IMAGE-AVAILABLE.jpg', 'Unregistered'),
(217, 'Alyssa', 'David', 17, '21200507', '', 'uploads/NO-IMAGE-AVAILABLE.jpg', 'Unregistered'),
(218, 'josie', 'banday', 7, '20100452', 'heaven', 'uploads/NO-IMAGE-AVAILABLE.jpg', 'Registered'),
(219, 'Claire ', 'Blake', 18, '2011120', 'cblake123', 'uploads/NO-IMAGE-AVAILABLE.jpg', 'Registered'),
(220, 'Mark Dominic', 'Sayon', 22, '111', '', 'uploads/NO-IMAGE-AVAILABLE.jpg', 'Unregistered'),
(221, 'JAY', 'GAYON', 22, '999', 'stnd_65ydyvu792', 'uploads/NO-IMAGE-AVAILABLE.jpg', 'Registered'),
(222, 'JAY2', 'GAYON2', 22, '998', 'stnd_38emj1xk1m', 'uploads/NO-IMAGE-AVAILABLE.jpg', 'Registered'),
(223, 'JAY3', 'GAYON3', 22, '997', 'stnd_gs4b59v0v2', 'uploads/NO-IMAGE-AVAILABLE.jpg', 'Registered'),
(224, 'JAY4', 'GAYON4', 22, '996', 'stnd_poc4n4b4it', 'uploads/NO-IMAGE-AVAILABLE.jpg', 'Registered'),
(225, 'JAY5', 'GAYON5', 22, '995', 'stnd_y7ef44f8n', 'uploads/NO-IMAGE-AVAILABLE.jpg', 'Registered'),
(226, 'Pempy', 'Titan', 22, '555', 'stnd_ilkm99frko', 'uploads/NO-IMAGE-AVAILABLE.jpg', 'Registered'),
(227, 'Mark Dominic1', 'Sayon1', 22, '123sa', 'stnd_ijidwmmpm', 'uploads/NO-IMAGE-AVAILABLE.jpg', 'Registered');

-- --------------------------------------------------------

--
-- Table structure for table `student_assignment`
--

CREATE TABLE `student_assignment` (
  `student_assignment_id` int(11) NOT NULL,
  `assignment_id` int(11) NOT NULL,
  `floc` varchar(100) NOT NULL,
  `assignment_fdatein` varchar(50) NOT NULL,
  `fdesc` varchar(100) NOT NULL,
  `fname` varchar(50) NOT NULL,
  `student_id` int(11) NOT NULL,
  `grade` varchar(5) NOT NULL
) ENGINE=InnoDB DEFAULT CHARSET=latin1;

--
-- Dumping data for table `student_assignment`
--

INSERT INTO `student_assignment` (`student_assignment_id`, `assignment_id`, `floc`, `assignment_fdatein`, `fdesc`, `fname`, `student_id`, `grade`) VALUES
(1, 31, 'admin/uploads/7820_File_sample.pdf', '2020-12-21 10:12:04', 'aaa', 'asdasd', 219, '');

-- --------------------------------------------------------

--
-- Table structure for table `student_backpack`
--

CREATE TABLE `student_backpack` (
  `file_id` int(11) NOT NULL,
  `floc` varchar(100) NOT NULL,
  `fdatein` varchar(100) NOT NULL,
  `fdesc` varchar(100) NOT NULL,
  `student_id` int(11) NOT NULL,
  `fname` varchar(100) NOT NULL
) ENGINE=InnoDB DEFAULT CHARSET=latin1;

--
-- Dumping data for table `student_backpack`
--

INSERT INTO `student_backpack` (`file_id`, `floc`, `fdatein`, `fdesc`, `student_id`, `fname`) VALUES
(1, 'admin/uploads/2658_File_kevin.docx', '2014-02-13 11:11:50', 'test', 210, 'test'),
(2, 'admin/uploads/9782_File_sample.pdf', '2020-12-21 10:12:54', 'adasd', 219, '234234'),
(3, 'admin/uploads/6898_File_sample.pdf', '2020-12-21 10:12:54', 'adasd', 219, '234234'),
(4, 'admin/uploads/3579_File_sample.pdf', '2020-12-21 10:12:54', 'adasd', 219, '234234'),
(5, 'admin/uploads/5034_File_TEST_PNG.png', '2021-06-05 10:08:36', 'Desc', 111, 'Jay');

-- --------------------------------------------------------

--
-- Table structure for table `student_class_quiz`
--

CREATE TABLE `student_class_quiz` (
  `student_class_quiz_id` int(11) NOT NULL,
  `class_quiz_id` int(11) NOT NULL,
  `student_id` int(11) NOT NULL,
  `student_quiz_time` varchar(100) NOT NULL,
  `grade` varchar(100) NOT NULL
) ENGINE=InnoDB DEFAULT CHARSET=latin1;

--
-- Dumping data for table `student_class_quiz`
--

INSERT INTO `student_class_quiz` (`student_class_quiz_id`, `class_quiz_id`, `student_id`, `student_quiz_time`, `grade`) VALUES
(1, 15, 107, '3600', '0 out of 2'),
(2, 16, 136, '3600', '0 out of 0'),
(3, 17, 219, '3600', '1 out of 3');

-- --------------------------------------------------------

--
-- Table structure for table `subject`
--

CREATE TABLE `subject` (
  `subject_id` int(11) NOT NULL,
  `subject_code` varchar(100) NOT NULL,
  `subject_title` varchar(100) NOT NULL,
  `category` varchar(100) NOT NULL,
  `description` longtext NOT NULL,
  `unit` int(11) NOT NULL,
  `Pre_req` varchar(100) NOT NULL,
  `semester` varchar(100) NOT NULL
) ENGINE=MyISAM DEFAULT CHARSET=latin1;

--
-- Dumping data for table `subject`
--

INSERT INTO `subject` (`subject_id`, `subject_code`, `subject_title`, `category`, `description`, `unit`, `Pre_req`, `semester`) VALUES
(14, 'IS 411A', 'Senior Systems Project 1', '', '<p><span style=\"font-size: medium;\"><em>About the Subject</em></span></p>\r\n<p>This subject comprisea topics about systems development, SDLC methodologies, Conceptual Framework, diagrams such as DFD, ERD and Flowchart and writing a thesis proposal.</p>\r\n<p>&nbsp;</p>\r\n<p>The project requirement for this subject are:</p>\r\n<p>Chapters (1-5) Thesis Proposal</p>\r\n<p>100% Running System at the end of semester</p>\r\n<p>&nbsp;</p>', 3, '', ''),
(15, 'IS 412', 'Effective Human Communication for IT Professional', '', '<p><span style=\"font-size: medium;\"><em>About the Subject</em></span></p>\r\n<p>This subject is intended for IT students to develop or enhance communication skills that will be beneficial especially when used in the business industry. The lesson includes Verbal Communication (Written and Oral), Non-verbal Communication, etc.</p>', 3, '', ''),
(16, 'IS 311', 'Programming Languages', '', '<pre class=\"coursera-course-heading\" data-msg=\"coursera-course-about\"><span style=\"font-size: medium;\"><em>About the Subject</em></span></pre>\r\n<div class=\"coursera-course-detail\" data-user-generated=\"data-user-generated\">Learn many of the concepts that underlie all programming languages. Develop a programming style known as functional programming and contrast it with object-oriented programming. Through experience writing programs and studying three different languages, learn the key issues in designing and using programming languages, such as modularity and the complementary benefits of static and dynamic typing. This course is neither particularly theoretical nor just about programming specifics &ndash; it will give you a framework for understanding how to use language constructs effectively and how to design correct and elegant programs. By using different languages, you learn to think more deeply than in terms of the particular syntax of one language. The emphasis on functional programming is essential for learning how to write robust, reusable, composable, and elegant programs &ndash; in any language.</div>\r\n<h2 class=\"coursera-course-detail\" data-user-generated=\"data-user-generated\">&nbsp;</h2>\r\n<pre class=\"coursera-course-detail\" data-user-generated=\"data-user-generated\"><span style=\"font-size: medium;\"><em>&nbsp;Course Syllabus</em></span></pre>\r\n<div class=\"coursera-course-detail\" data-user-generated=\"data-user-generated\">\r\n<ul>\r\n<li>Syntax vs. semantics vs. idioms vs. libraries vs. tools</li>\r\n<li>ML basics (bindings, conditionals, records, functions)</li>\r\n<li>Recursive functions and recursive types</li>\r\n<li>Benefits of no mutation</li>\r\n<li>Algebraic datatypes, pattern matching</li>\r\n<li>Tail recursion</li>\r\n<li>First-class functions and function closures</li>\r\n<li>Lexical scope</li>\r\n<li>Equivalence and effects</li>\r\n<li>Parametric polymorphism and container types</li>\r\n<li>Type inference</li>\r\n<li>Abstract types and modules</li>\r\n<li>Racket basics</li>\r\n<li>Dynamic vs. static typing</li>\r\n<li>Implementing languages, especially higher-order functions</li>\r\n<li>Macro</li>\r\n<li>Ruby basics</li>\r\n<li>Object-oriented programming</li>\r\n<li>Pure object-orientation</li>\r\n<li>Implementing dynamic dispatch</li>\r\n<li>Multiple inheritance, interfaces, and mixins</li>\r\n<li>OOP vs. functional decomposition and extensibility</li>\r\n<li>Subtyping for records, functions, and objects</li>\r\n<li>Subtyping</li>\r\n<li>Class-based subtyping</li>\r\n<li>Subtyping vs. parametric polymorphism; bounded polymorphism</li>\r\n</ul>\r\n</div>', 3, '', ''),
(17, 'IS 413', 'Introduction to the IM Professional and Ethics', '', '<p>This subject discusses about Ethics, E-Commerce, Cybercrime Law, Computer Security, etc.</p>', 0, '', ''),
(22, 'IS 221', 'Application Development', '', '', 3, '', '2nd'),
(23, 'IS 222', 'Network and Internet Technology', '', '', 3, '', '2nd'),
(24, 'IS 223', 'Business Process', '', '', 3, '', '2nd'),
(25, 'IS 224', 'Discrete Structures', '', '', 3, '', '2nd'),
(26, 'IS 227', 'IS Programming 2', '', '', 3, '', '2nd'),
(27, 'SS POL GOV', 'Politics and Governance with Philippine Constitution', '', '', 3, '', '2nd'),
(28, 'LIT 1', 'Philippine  Literature', '', '', 3, '', '2nd'),
(29, 'ACCTG 2', 'Fundamentals of Accounting 2', '', '', 3, '', '2nd'),
(30, 'PE 4', 'Team Sports', '', '', 3, '', '2nd'),
(31, 'IS 302', 'Survey of Programming Languages', '', '', 3, '', '2nd'),
(32, 'IS 303', 'Structured Query Language', '', '', 3, '', '2nd'),
(33, 'IS 321', 'Information System Planning', '', '', 3, '', '2nd'),
(34, 'IS 322', 'Management of Technology', '', '', 3, '', '2nd'),
(35, 'IS 323', 'E-commerce Strategy Architectural', '', '', 3, '', '2nd'),
(36, 'IS 324', 'System Analysis and Design', '', '', 3, '', '2nd'),
(37, 'Law 1', 'Law on Obligation and Contracts', '', '', 3, '', '2nd'),
(38, 'Philo 1', 'Social Philosophy & Logic', '', '', 3, '', '2nd'),
(39, 'MQTB', 'Quantitative Techniques in Business', '', '', 3, '', '2nd'),
(40, 'RIZAL', 'Rizal: Life and Works', '', '<p>COURSE OUTLINE<br />\r\n1. Course Code : RIZAL</p>\r\n\r\n<p>2. Course Title &nbsp;: RIZAL (Rizal Life and Works)<br />\r\n3. Pre-requisite : none<br />\r\n5. Credit/ Class Schedule : 3 units; 3 hrs/week<br />\r\n6. Course Description&nbsp;<br />\r\n1. A critical analysis of Jose Rizal&rsquo;s life and ideas as reflected in his biography, his novels Noli Me Tangere and El Filibusterismo and in his other writings composed of essays and poems to provide the students a value based reference for reacting to certain ideas and behavior.<br />\r\n<br />\r\n<strong>PROGRAM OBJECTIVES</strong><br />\r\n1. To instill in the students human values and cultural refinement through the humanities and social sciences.<br />\r\n2. To inculcate high ethical standards in the students through its integration in the learning activities.<br />\r\n3. To have critical studies and discussions why Rizal is made the national hero of the Philippines.<br />\r\n<br />\r\nTOPICS:&nbsp;<br />\r\n1. A Hero is Born&nbsp;<br />\r\n2. Childhood Days in Calamba<br />\r\n3. School Days in Binan<br />\r\n4. Triumphs in the Ateneo<br />\r\n5. At the UST<br />\r\n6. In Spain<br />\r\n7. Paris to Berlin<br />\r\n8. Noli Me Tangere<br />\r\n9. Elias and Salome<br />\r\n10. Rizal&rsquo;s Tour of Europe with with Viola<br />\r\n11. Back to Calamba<br />\r\n12. HK, Macao and Japan<br />\r\n13. Rizal in Japan<br />\r\n14. Rizal in America<br />\r\n15. Life and Works in London<br />\r\n16. In Gay Paris<br />\r\n17. Rizal in Brussles<br />\r\n18. In Madrid<br />\r\n19. El Filibusterismo<br />\r\n20. In Hong Kong<br />\r\n21. Exile in Dapitan<br />\r\n22. The Trial of Rizal<br />\r\n23. Martyrdom at Bagumbayan<br />\r\n<br />\r\nTextbook and References:<br />\r\n1. Rizal&rsquo;s Life, Works and Writings (The Centennial Edition) by: Gregorio F. Zaide<br />\r\nand Sonia M. Zaide Quezon City, 1988. All Nations Publishing Co.<br />\r\n2. Coates, Austin. Rizal: First Filipino Nationalist and Martyr, Quezon City, UP Press 1999.<br />\r\n3. Constantino, Renato. Veneration Without Understanding. Quezon City, UP Press Inc., 2001.<br />\r\n4. Dela Cruz, W. &amp; Zulueta, M. Rizal: Buhay at Kaisipan. Manila, NBS Publications 2002.<br />\r\n5. Ocampo, Ambeth. Rizal Without the Overcoat (New Edition). Pasig City, anvil Publishing House 2002.<br />\r\n6. Odullo-de Guzman, Maria. Noli Me Tangere and El Filibusterismo. Manila, NBS Publications 1998.<br />\r\n7. Palma, Rafael. Rizal: The Pride of the Malay Race. Manila, Saint Anthony Company 2000.<br />\r\n8.Romero, M.C. &amp; Sta Roman, J. Rizal &amp; the Development of Filipino Consciousness (Third Edition). Manila, JMC Press Inc., 2001.<br />\r\n<br />\r\nCourse Evaluation:<br />\r\n<br />\r\n1. Quizzes : 30 %<br />\r\n2. Exams : 40 %<br />\r\n3. Class Standing : 20 %<br />\r\n- recitation<br />\r\n- attendance<br />\r\n- behavior<br />\r\n4. Final Grade<br />\r\n- 40 % previous grade<br />\r\n- 60 % current grade</p>\r\n', 3, '', '2nd'),
(41, 'IS 411B', 'Senior Systems Project 2', '', '', 3, '', '2nd'),
(42, '1234', 'Sample Subject', '', '<p>Sample Only</p>\r\n', 3, '', '1st');

-- --------------------------------------------------------

--
-- Table structure for table `teacher`
--

CREATE TABLE `teacher` (
  `teacher_id` int(11) NOT NULL,
  `username` varchar(100) NOT NULL,
  `password` varchar(200) NOT NULL,
  `firstname` varchar(100) NOT NULL,
  `lastname` varchar(100) NOT NULL,
  `department_id` int(11) NOT NULL,
  `location` varchar(200) NOT NULL,
  `about` varchar(500) NOT NULL,
  `teacher_status` varchar(20) NOT NULL,
  `teacher_stat` varchar(100) NOT NULL
) ENGINE=MyISAM DEFAULT CHARSET=latin1;

--
-- Dumping data for table `teacher`
--

INSERT INTO `teacher` (`teacher_id`, `username`, `password`, `firstname`, `lastname`, `department_id`, `location`, `about`, `teacher_status`, `teacher_stat`) VALUES
(9, '1001', 'test', 'Jomar', 'Pabuaya', 4, 'uploads/NO-IMAGE-AVAILABLE.jpg', '', 'Registered', 'Deactivated'),
(5, '1002', 'red', 'Cristine', 'Redoblo', 4, 'uploads/NO-IMAGE-AVAILABLE.jpg', '', '', 'Deactivated'),
(11, '10031003', 'tchr_8n37fwqt8', 'Aladins', 'Cabreras', 4, 'uploads/NO-IMAGE-AVAILABLE.jpg', '', '', 'Activated'),
(13, 'test', 'test', 'Rammel', 'Cadagat', 4, 'uploads/NO-IMAGE-AVAILABLE.jpg', '', '', 'Activated'),
(12, '1000', 'morante', 'Ruby Mae ', 'Morante', 4, 'uploads/NO-IMAGE-AVAILABLE.jpg', '<p style=\"text-align: justify;\">Dan Grossman has taught programming languages at the University of Washington since 2003. During his 10 years as a faculty member, his department&rsquo;s undergraduate students have elected him &ldquo;teacher of the year&rdquo; twice and awarded him second place once. His research, resulting in over 50 peer-reviewed publications, has covered the theory, design, and implementation of programming languages, as well as connections to computer architecture and softwar', '', 'Deactivated'),
(14, 'honey', 'lee', 'Honeylee', 'Magbanua', 4, 'uploads/NO-IMAGE-AVAILABLE.jpg', '', '', 'Activated'),
(15, 'chaw', 'chaw', 'Charito ', 'Puray', 4, 'uploads/NO-IMAGE-AVAILABLE.jpg', '', '', 'Activated'),
(22, '', '', 'jay', 'JAY', 0, 'uploads/NO-IMAGE-AVAILABLE.jpg', '', '', ''),
(18, 'test123', 'test123', 'Allan', 'Dela Torre', 4, 'uploads/NO-IMAGE-AVAILABLE.jpg', '', 'Registered', 'Activated'),
(19, 'delam', 'denise', 'Denesa', 'Lamique', 4, 'uploads/NO-IMAGE-AVAILABLE.jpg', '', 'Registered', 'Activated'),
(24, '', '', 'HEHE2222xxxW', 'hahaha2', 0, 'uploads/NO-IMAGE-AVAILABLE.jpg', '', '', ''),
(23, '', '', 'HEHE2222xxx111', 'hahaha2', 0, 'uploads/NO-IMAGE-AVAILABLE.jpg', '', '', ''),
(25, '', '', 'jay2', 'JAY2', 0, 'uploads/NO-IMAGE-AVAILABLE.jpg', '', '', ''),
(26, '', '', 'jay3', 'jay3', 0, 'uploads/NO-IMAGE-AVAILABLE.jpg', '', '', ''),
(27, '', '', 'GAGA', 'GAGA', 0, 'uploads/NO-IMAGE-AVAILABLE.jpg', '', '', ''),
(28, '', '', 'xxx', 'xxx', 0, 'uploads/NO-IMAGE-AVAILABLE.jpg', '', '', ''),
(29, '', '', 'yyy', 'yyy', 0, 'uploads/NO-IMAGE-AVAILABLE.jpg', '', '', ''),
(30, '', '', 'jayx', 'jayx', 0, 'uploads/NO-IMAGE-AVAILABLE.jpg', '', '', ''),
(31, '', '', 'HEHE2222xxxsss', 'sdss', 0, 'uploads/NO-IMAGE-AVAILABLE.jpg', '', '', ''),
(32, '', '', 'xxj', 'xxj', 4, 'uploads/NO-IMAGE-AVAILABLE.jpg', '', '', ''),
(33, '123', 'tchr_5qu1sd4wa', '123', '123', 4, 'uploads/NO-IMAGE-AVAILABLE.jpg', '', '', ''),
(34, 'jaygayon21', 'teacher', 'PEMPYONG', 'AMURAKTAK', 4, 'uploads/NO-IMAGE-AVAILABLE.jpg', '', '', '');

-- --------------------------------------------------------

--
-- Table structure for table `teacher_backpack`
--

CREATE TABLE `teacher_backpack` (
  `file_id` int(11) NOT NULL,
  `floc` varchar(100) NOT NULL,
  `fdatein` varchar(100) NOT NULL,
  `fdesc` varchar(100) NOT NULL,
  `teacher_id` int(11) NOT NULL,
  `fname` varchar(100) NOT NULL
) ENGINE=InnoDB DEFAULT CHARSET=latin1;

-- --------------------------------------------------------

--
-- Table structure for table `teacher_class`
--

CREATE TABLE `teacher_class` (
  `teacher_class_id` int(11) NOT NULL,
  `teacher_id` int(11) NOT NULL,
  `class_id` int(11) NOT NULL,
  `subject_id` int(11) NOT NULL,
  `thumbnails` varchar(100) NOT NULL,
  `school_year` varchar(100) NOT NULL
) ENGINE=InnoDB DEFAULT CHARSET=latin1;

--
-- Dumping data for table `teacher_class`
--

INSERT INTO `teacher_class` (`teacher_class_id`, `teacher_id`, `class_id`, `subject_id`, `thumbnails`, `school_year`) VALUES
(97, 9, 7, 15, 'admin/uploads/thumbnails.jpg', '2012-2013'),
(135, 0, 22, 29, 'admin/uploads/thumbnails.jpg', '2013-2014'),
(151, 5, 7, 14, 'admin/uploads/thumbnails.jpg', '2013-2014'),
(152, 5, 8, 14, 'admin/uploads/thumbnails.jpg', '2013-2014'),
(153, 5, 13, 36, 'admin/uploads/thumbnails.jpg', '2013-2014'),
(157, 18, 15, 23, 'admin/uploads/thumbnails.jpg', '2013-2014'),
(158, 18, 16, 23, 'admin/uploads/thumbnails.jpg', '2013-2014'),
(159, 18, 12, 23, 'admin/uploads/thumbnails.jpg', '2013-2014'),
(160, 18, 7, 29, 'admin/uploads/thumbnails.jpg', '2013-2014'),
(165, 134, 15, 23, 'admin/uploads/thumbnails.jpg', '2013-2014'),
(167, 12, 13, 35, 'admin/uploads/thumbnails.jpg', '2013-2014'),
(168, 12, 14, 35, 'admin/uploads/thumbnails.jpg', '2013-2014'),
(170, 12, 16, 24, 'admin/uploads/thumbnails.jpg', '2013-2014'),
(172, 18, 13, 39, 'admin/uploads/thumbnails.jpg', '2013-2014'),
(173, 18, 14, 39, 'admin/uploads/thumbnails.jpg', '2013-2014'),
(174, 13, 12, 16, 'admin/uploads/thumbnails.jpg', '2013-2014'),
(175, 13, 13, 16, 'admin/uploads/thumbnails.jpg', '2013-2014'),
(176, 13, 14, 16, 'admin/uploads/thumbnails.jpg', '2013-2014'),
(177, 14, 12, 32, 'admin/uploads/thumbnails.jpg', '2013-2014'),
(178, 14, 13, 32, 'admin/uploads/thumbnails.jpg', '2013-2014'),
(179, 14, 14, 32, 'admin/uploads/thumbnails.jpg', '2013-2014'),
(180, 19, 13, 22, 'admin/uploads/thumbnails.jpg', '2013-2014'),
(181, 12, 20, 24, 'admin/uploads/thumbnails.jpg', '2013-2014'),
(183, 12, 18, 24, 'admin/uploads/thumbnails.jpg', '2013-2014'),
(184, 12, 17, 25, 'admin/uploads/thumbnails.jpg', '2013-2014'),
(185, 12, 7, 22, 'admin/uploads/thumbnails.jpg', '2013-2014'),
(186, 9, 18, 42, 'admin/uploads/thumbnails.jpg', '2013-2014'),
(187, 9, 14, 42, 'admin/uploads/thumbnails.jpg', '2013-2014'),
(188, 9, 15, 24, 'admin/uploads/thumbnails.jpg', '2013-2014'),
(189, 34, 22, 29, 'admin/uploads/thumbnails.jpg', '2013-2014');

-- --------------------------------------------------------

--
-- Table structure for table `teacher_class_announcements`
--

CREATE TABLE `teacher_class_announcements` (
  `teacher_class_announcements_id` int(11) NOT NULL,
  `content` varchar(500) NOT NULL,
  `teacher_id` varchar(100) NOT NULL,
  `teacher_class_id` int(11) NOT NULL,
  `date` varchar(50) NOT NULL
) ENGINE=InnoDB DEFAULT CHARSET=latin1;

--
-- Dumping data for table `teacher_class_announcements`
--

INSERT INTO `teacher_class_announcements` (`teacher_class_announcements_id`, `content`, `teacher_id`, `teacher_class_id`, `date`) VALUES
(2, '<p><strong>Project Deadline</strong></p>\r\n\r\n<p>In December 1st week&nbsp; system must fully functioning.</p>\r\n\r\n<p><br />\r\n&nbsp;</p>\r\n', '9', 87, '2013-10-30 13:21:13'),
(21, '<p>fsaf</p>\r\n', '9', 87, '2013-10-30 14:33:21'),
(31, '<p>Hi im kevin i edit this</p>\r\n', '9', 87, '2013-10-30 15:41:56'),
(33, '<p>hello teph</p>\r\n', '9', 95, '2013-10-30 17:44:28'),
(34, '<p>hello guys</p>\r\n', '9', 95, '2013-11-02 10:51:39'),
(35, '<p>dsdasd</p>\r\n', '12', 147, '2013-11-16 13:59:33'),
(36, '<p>BSIS 1A: Submit assignment on November 20, 2013 before 5pm.</p>\r\n', '12', 154, '2013-11-18 15:29:34'),
(37, '<p>aaaaa<br />\r\n&nbsp;</p>\r\n', '12', 167, '2014-01-17 14:36:32'),
(38, '<p>wala klase<img alt=\"sad\" src=\"http://localhost/lms/admin/vendors/ckeditor/plugins/smiley/images/sad_smile.gif\" style=\"height:20px; width:20px\" title=\"sad\" /></p>\r\n', '12', 167, '2014-02-13 13:45:59'),
(39, '<p>Test</p>\r\n', '9', 186, '2020-12-21 09:59:00');

-- --------------------------------------------------------

--
-- Table structure for table `teacher_class_student`
--

CREATE TABLE `teacher_class_student` (
  `teacher_class_student_id` int(11) NOT NULL,
  `teacher_class_id` int(11) NOT NULL,
  `student_id` int(11) NOT NULL,
  `teacher_id` int(11) NOT NULL
) ENGINE=InnoDB DEFAULT CHARSET=latin1;

--
-- Dumping data for table `teacher_class_student`
--

INSERT INTO `teacher_class_student` (`teacher_class_student_id`, `teacher_class_id`, `student_id`, `teacher_id`) VALUES
(31, 165, 141, 134),
(32, 165, 134, 134),
(54, 167, 113, 12),
(55, 167, 112, 12),
(57, 167, 108, 12),
(58, 167, 105, 12),
(59, 167, 106, 12),
(60, 167, 103, 12),
(61, 167, 104, 12),
(62, 167, 100, 12),
(63, 167, 101, 12),
(64, 167, 102, 12),
(65, 167, 97, 12),
(66, 167, 98, 12),
(67, 167, 95, 12),
(68, 167, 94, 12),
(69, 167, 76, 12),
(70, 167, 107, 12),
(71, 167, 110, 12),
(72, 167, 109, 12),
(73, 167, 99, 12),
(74, 167, 96, 12),
(75, 167, 75, 12),
(76, 167, 74, 12),
(77, 167, 73, 12),
(78, 167, 72, 12),
(79, 167, 71, 12),
(80, 168, 135, 12),
(81, 168, 140, 12),
(82, 168, 162, 12),
(83, 168, 164, 12),
(84, 168, 165, 12),
(85, 168, 166, 12),
(86, 168, 167, 12),
(87, 168, 168, 12),
(88, 168, 169, 12),
(89, 168, 172, 12),
(90, 168, 171, 12),
(91, 168, 173, 12),
(92, 168, 174, 12),
(93, 168, 175, 12),
(94, 168, 176, 12),
(95, 168, 177, 12),
(96, 168, 178, 12),
(97, 168, 179, 12),
(98, 168, 180, 12),
(99, 168, 181, 12),
(100, 168, 182, 12),
(101, 168, 183, 12),
(102, 168, 206, 12),
(103, 168, 207, 12),
(127, 172, 113, 18),
(128, 172, 112, 18),
(129, 172, 111, 18),
(130, 172, 108, 18),
(131, 172, 105, 18),
(132, 172, 106, 18),
(133, 172, 103, 18),
(134, 172, 104, 18),
(135, 172, 100, 18),
(136, 172, 101, 18),
(137, 172, 102, 18),
(138, 172, 97, 18),
(139, 172, 98, 18),
(140, 172, 95, 18),
(141, 172, 94, 18),
(142, 172, 76, 18),
(143, 172, 107, 18),
(144, 172, 110, 18),
(145, 172, 109, 18),
(146, 172, 99, 18),
(147, 172, 96, 18),
(148, 172, 75, 18),
(149, 172, 74, 18),
(150, 172, 73, 18),
(151, 172, 72, 18),
(152, 172, 71, 18),
(153, 173, 135, 18),
(154, 173, 140, 18),
(155, 173, 162, 18),
(156, 173, 164, 18),
(157, 173, 165, 18),
(158, 173, 166, 18),
(159, 173, 167, 18),
(160, 173, 168, 18),
(161, 173, 169, 18),
(162, 173, 172, 18),
(163, 173, 171, 18),
(164, 173, 173, 18),
(165, 173, 174, 18),
(166, 173, 175, 18),
(167, 173, 176, 18),
(168, 173, 177, 18),
(169, 173, 178, 18),
(170, 173, 179, 18),
(171, 173, 180, 18),
(172, 173, 181, 18),
(173, 173, 182, 18),
(174, 173, 183, 18),
(175, 173, 206, 18),
(176, 173, 207, 18),
(177, 174, 134, 13),
(178, 174, 142, 13),
(179, 174, 143, 13),
(180, 174, 144, 13),
(181, 174, 145, 13),
(182, 174, 146, 13),
(183, 174, 147, 13),
(184, 174, 148, 13),
(185, 174, 149, 13),
(186, 174, 150, 13),
(187, 174, 151, 13),
(188, 174, 152, 13),
(189, 174, 153, 13),
(190, 174, 154, 13),
(191, 174, 155, 13),
(192, 174, 156, 13),
(193, 174, 157, 13),
(194, 174, 158, 13),
(195, 174, 159, 13),
(196, 175, 113, 13),
(197, 175, 112, 13),
(198, 175, 111, 13),
(199, 175, 108, 13),
(200, 175, 105, 13),
(201, 175, 106, 13),
(202, 175, 103, 13),
(203, 175, 104, 13),
(204, 175, 100, 13),
(205, 175, 101, 13),
(206, 175, 102, 13),
(207, 175, 97, 13),
(208, 175, 98, 13),
(209, 175, 95, 13),
(210, 175, 94, 13),
(211, 175, 76, 13),
(212, 175, 107, 13),
(213, 175, 110, 13),
(214, 175, 109, 13),
(215, 175, 99, 13),
(216, 175, 96, 13),
(217, 175, 75, 13),
(218, 175, 74, 13),
(219, 175, 73, 13),
(220, 175, 72, 13),
(221, 175, 71, 13),
(222, 176, 135, 13),
(223, 176, 140, 13),
(224, 176, 162, 13),
(225, 176, 164, 13),
(226, 176, 165, 13),
(227, 176, 166, 13),
(228, 176, 167, 13),
(229, 176, 168, 13),
(230, 176, 169, 13),
(231, 176, 172, 13),
(232, 176, 171, 13),
(233, 176, 173, 13),
(234, 176, 174, 13),
(235, 176, 175, 13),
(236, 176, 176, 13),
(237, 176, 177, 13),
(238, 176, 178, 13),
(239, 176, 179, 13),
(240, 176, 180, 13),
(241, 176, 181, 13),
(242, 176, 182, 13),
(243, 176, 183, 13),
(244, 176, 206, 13),
(245, 176, 207, 13),
(246, 177, 134, 14),
(247, 177, 142, 14),
(248, 177, 143, 14),
(249, 177, 144, 14),
(250, 177, 145, 14),
(251, 177, 146, 14),
(252, 177, 147, 14),
(253, 177, 148, 14),
(254, 177, 149, 14),
(255, 177, 150, 14),
(256, 177, 151, 14),
(257, 177, 152, 14),
(258, 177, 153, 14),
(259, 177, 154, 14),
(260, 177, 155, 14),
(261, 177, 156, 14),
(262, 177, 157, 14),
(263, 177, 158, 14),
(264, 177, 159, 14),
(265, 178, 113, 14),
(266, 178, 112, 14),
(267, 178, 111, 14),
(268, 178, 108, 14),
(269, 178, 105, 14),
(270, 178, 106, 14),
(271, 178, 103, 14),
(272, 178, 104, 14),
(273, 178, 100, 14),
(274, 178, 101, 14),
(275, 178, 102, 14),
(276, 178, 97, 14),
(277, 178, 98, 14),
(278, 178, 95, 14),
(279, 178, 94, 14),
(280, 178, 76, 14),
(281, 178, 107, 14),
(282, 178, 110, 14),
(283, 178, 109, 14),
(284, 178, 99, 14),
(285, 178, 96, 14),
(286, 178, 75, 14),
(287, 178, 74, 14),
(288, 178, 73, 14),
(289, 178, 72, 14),
(290, 178, 71, 14),
(291, 179, 135, 14),
(292, 179, 140, 14),
(293, 179, 162, 14),
(294, 179, 164, 14),
(295, 179, 165, 14),
(296, 179, 166, 14),
(297, 179, 167, 14),
(298, 179, 168, 14),
(299, 179, 169, 14),
(300, 179, 172, 14),
(301, 179, 171, 14),
(302, 179, 173, 14),
(303, 179, 174, 14),
(304, 179, 175, 14),
(305, 179, 176, 14),
(306, 179, 177, 14),
(307, 179, 178, 14),
(308, 179, 179, 14),
(309, 179, 180, 14),
(310, 179, 181, 14),
(311, 179, 182, 14),
(312, 179, 183, 14),
(313, 179, 206, 14),
(314, 179, 207, 14),
(315, 180, 113, 19),
(316, 180, 112, 19),
(317, 180, 111, 19),
(318, 180, 108, 19),
(319, 180, 105, 19),
(320, 180, 106, 19),
(321, 180, 103, 19),
(322, 180, 104, 19),
(323, 180, 100, 19),
(324, 180, 101, 19),
(325, 180, 102, 19),
(326, 180, 97, 19),
(327, 180, 98, 19),
(328, 180, 95, 19),
(329, 180, 94, 19),
(330, 180, 76, 19),
(331, 180, 107, 19),
(332, 180, 110, 19),
(333, 180, 109, 19),
(334, 180, 99, 19),
(335, 180, 96, 19),
(336, 180, 75, 19),
(337, 180, 74, 19),
(338, 180, 73, 19),
(339, 180, 72, 19),
(340, 180, 71, 19),
(341, 181, 209, 12),
(342, 181, 210, 12),
(345, 183, 213, 12),
(346, 183, 214, 12),
(347, 183, 215, 12),
(348, 183, 216, 12),
(349, 184, 184, 12),
(350, 184, 185, 12),
(351, 184, 186, 12),
(352, 184, 187, 12),
(353, 184, 188, 12),
(354, 184, 189, 12),
(355, 184, 190, 12),
(356, 184, 191, 12),
(358, 184, 193, 12),
(359, 184, 194, 12),
(360, 184, 195, 12),
(361, 184, 196, 12),
(362, 184, 197, 12),
(363, 184, 198, 12),
(364, 184, 199, 12),
(365, 184, 200, 12),
(366, 184, 201, 12),
(367, 184, 202, 12),
(368, 184, 203, 12),
(369, 184, 204, 12),
(370, 184, 205, 12),
(371, 184, 217, 12),
(372, 184, 192, 12),
(373, 185, 93, 12),
(374, 185, 136, 12),
(375, 185, 138, 12),
(376, 185, 139, 12),
(377, 185, 211, 12),
(378, 186, 213, 9),
(379, 186, 214, 9),
(380, 186, 215, 9),
(381, 186, 216, 9),
(382, 186, 219, 9),
(383, 187, 135, 9),
(384, 187, 140, 9),
(385, 187, 162, 9),
(386, 187, 164, 9),
(387, 187, 165, 9),
(388, 187, 166, 9),
(389, 187, 167, 9),
(390, 187, 168, 9),
(391, 187, 169, 9),
(392, 187, 172, 9),
(393, 187, 171, 9),
(394, 187, 173, 9),
(395, 187, 174, 9),
(396, 187, 175, 9),
(397, 187, 176, 9),
(398, 187, 177, 9),
(399, 187, 178, 9),
(400, 187, 179, 9),
(401, 187, 180, 9),
(402, 187, 181, 9),
(403, 187, 182, 9),
(404, 187, 183, 9),
(405, 187, 206, 9),
(406, 187, 207, 9),
(407, 187, 106, 9),
(408, 188, 141, 9),
(409, 188, 212, 9),
(410, 189, 220, 34),
(411, 189, 221, 34),
(412, 189, 222, 34),
(413, 189, 223, 34),
(414, 189, 224, 34),
(415, 189, 225, 34),
(416, 189, 226, 34),
(417, 189, 227, 34);

-- --------------------------------------------------------

--
-- Table structure for table `teacher_notification`
--

CREATE TABLE `teacher_notification` (
  `teacher_notification_id` int(11) NOT NULL,
  `teacher_class_id` int(11) NOT NULL,
  `notification` varchar(100) NOT NULL,
  `date_of_notification` varchar(100) NOT NULL,
  `link` varchar(100) NOT NULL,
  `student_id` int(11) NOT NULL,
  `assignment_id` int(11) NOT NULL
) ENGINE=InnoDB DEFAULT CHARSET=latin1;

--
-- Dumping data for table `teacher_notification`
--

INSERT INTO `teacher_notification` (`teacher_notification_id`, `teacher_class_id`, `notification`, `date_of_notification`, `link`, `student_id`, `assignment_id`) VALUES
(15, 160, 'Submit Assignment file name <b>my_assginment</b>', '2013-11-25 10:39:52', 'view_submit_assignment.php', 93, 16),
(17, 161, 'Submit Assignment file name <b>q</b>', '2013-11-25 15:54:19', 'view_submit_assignment.php', 71, 17),
(18, 186, 'Submit Assignment file name <b>asdasd</b>', '2020-12-21 10:12:04', 'view_submit_assignment.php', 219, 31),
(19, 172, 'Add Downloadable Materials file name <b>Jay</b>', '2021-06-05 10:07:52', 'downloadable.php', 111, 0);

-- --------------------------------------------------------

--
-- Table structure for table `teacher_shared`
--

CREATE TABLE `teacher_shared` (
  `teacher_shared_id` int(11) NOT NULL,
  `teacher_id` int(11) NOT NULL,
  `shared_teacher_id` int(11) NOT NULL,
  `floc` varchar(100) NOT NULL,
  `fdatein` varchar(100) NOT NULL,
  `fdesc` varchar(100) NOT NULL,
  `fname` varchar(100) NOT NULL
) ENGINE=InnoDB DEFAULT CHARSET=latin1;

--
-- Dumping data for table `teacher_shared`
--

INSERT INTO `teacher_shared` (`teacher_shared_id`, `teacher_id`, `shared_teacher_id`, `floc`, `fdatein`, `fdesc`, `fname`) VALUES
(1, 12, 14, 'admin/uploads/7939_File_449E26DB.jpg', '2014-02-20 09:55:32', 'sas', 'sss');

-- --------------------------------------------------------

--
-- Table structure for table `users`
--

CREATE TABLE `users` (
  `user_id` int(11) NOT NULL,
  `username` varchar(100) NOT NULL,
  `password` varchar(100) NOT NULL,
  `firstname` varchar(100) NOT NULL,
  `lastname` varchar(100) NOT NULL
) ENGINE=InnoDB DEFAULT CHARSET=latin1;

--
-- Dumping data for table `users`
--

INSERT INTO `users` (`user_id`, `username`, `password`, `firstname`, `lastname`) VALUES
(13, 'teph', 'teph', 'Stephanie', 'villanueva'),
(14, 'jkev', 'jkev', 'john kevin', 'lorayna'),
(15, 'admin', 'admin', 'admin', 'admin');

-- --------------------------------------------------------

--
-- Table structure for table `user_log`
--

CREATE TABLE `user_log` (
  `user_log_id` int(11) NOT NULL,
  `username` varchar(25) NOT NULL,
  `login_date` varchar(30) NOT NULL,
  `logout_date` varchar(30) NOT NULL,
  `user_id` int(11) NOT NULL
) ENGINE=InnoDB DEFAULT CHARSET=latin1;

--
-- Dumping data for table `user_log`
--

INSERT INTO `user_log` (`user_log_id`, `username`, `login_date`, `logout_date`, `user_id`) VALUES
(1, 'admin', '2013-11-01 11:57:33', '2013-11-18 10:33:54', 10),
(2, 'admin', '2013-11-05 09:52:09', '2013-11-18 10:33:54', 10),
(3, 'admin', '2013-11-08 10:41:09', '2013-11-18 10:33:54', 10),
(4, 'admin', '2013-11-12 22:53:05', '2013-11-18 10:33:54', 10),
(5, 'admin', '2013-11-13 07:07:04', '2013-11-18 10:33:54', 10),
(6, 'admin', '2013-11-13 13:07:58', '2013-11-18 10:33:54', 10),
(7, 'admin', '2013-11-13 13:30:45', '2013-11-18 10:33:54', 10),
(8, 'admin', '2013-11-13 15:25:20', '2013-11-18 10:33:54', 10),
(9, 'admin', '2013-11-13 15:46:28', '2013-11-18 10:33:54', 10),
(10, 'admin', '2013-11-13 16:04:10', '2013-11-18 10:33:54', 10),
(11, 'admin', '2013-11-13 17:31:37', '2013-11-18 10:33:54', 10),
(12, 'admin', '2013-11-13 22:47:45', '2013-11-18 10:33:54', 10),
(13, 'admin', '2013-11-14 10:27:06', '2013-11-18 10:33:54', 10),
(14, 'admin', '2013-11-14 10:27:55', '2013-11-18 10:33:54', 10),
(15, 'admin', '2013-11-14 10:38:08', '2013-11-18 10:33:54', 10),
(16, 'admin', '2013-11-14 10:38:09', '2013-11-18 10:33:54', 10),
(17, 'admin', '2013-11-14 10:41:06', '2013-11-18 10:33:54', 10),
(18, 'admin', '2013-11-14 11:44:08', '2013-11-18 10:33:54', 10),
(19, 'admin', '2013-11-14 21:53:56', '2013-11-18 10:33:54', 10),
(20, 'admin', '2013-11-14 22:03:53', '2013-11-18 10:33:54', 10),
(21, 'admin', '2013-11-16 13:40:56', '2013-11-18 10:33:54', 10),
(22, 'admin', '2013-11-18 10:22:07', '2013-11-18 10:33:54', 10),
(23, 'jkev', '2013-11-18 10:33:59', '2014-02-13 11:19:36', 14),
(24, 'jkev', '2013-11-18 15:20:45', '2014-02-13 11:19:36', 14),
(25, 'jkev', '2013-11-18 15:42:04', '2014-02-13 11:19:36', 14),
(26, 'jkev', '2013-11-18 16:30:14', '2014-02-13 11:19:36', 14),
(27, 'jkev', '2013-11-18 16:36:44', '2014-02-13 11:19:36', 14),
(28, 'jkev', '2013-11-18 17:39:55', '2014-02-13 11:19:36', 14),
(29, 'jkev', '2013-11-18 20:06:49', '2014-02-13 11:19:36', 14),
(30, 'jkev', '2013-11-23 08:04:27', '2014-02-13 11:19:36', 14),
(31, 'teph', '2013-11-23 12:02:27', '2013-11-30 21:33:02', 13),
(32, 'teph', '2013-11-24 08:55:55', '2013-11-30 21:33:02', 13),
(33, 'jkev', '2013-11-25 10:32:16', '2014-02-13 11:19:36', 14),
(34, 'jkev', '2013-11-25 14:33:05', '2014-02-13 11:19:36', 14),
(35, 'jkev', '2013-11-25 15:02:47', '2014-02-13 11:19:36', 14),
(36, 'jkev', '2013-11-25 21:08:19', '2014-02-13 11:19:36', 14),
(37, 'jkev', '2013-11-25 23:49:58', '2014-02-13 11:19:36', 14),
(38, 'jkev', '2013-11-26 00:32:22', '2014-02-13 11:19:36', 14),
(39, 'jkev', '2013-11-26 10:39:52', '2014-02-13 11:19:36', 14),
(40, 'jkev', '2013-11-26 21:48:05', '2014-02-13 11:19:36', 14),
(41, 'jkev', '2013-11-28 23:00:00', '2014-02-13 11:19:36', 14),
(42, 'jkev', '2013-11-28 23:00:06', '2014-02-13 11:19:36', 14),
(43, 'jkev', '2013-11-30 21:28:54', '2014-02-13 11:19:36', 14),
(44, 'teph', '2013-11-30 21:32:54', '2013-11-30 21:33:02', 13),
(45, 'jkev', '2013-12-04 12:45:09', '2014-02-13 11:19:36', 14),
(46, 'teph', '2013-12-04 14:02:19', '', 13),
(47, 'jkev', '2013-12-11 11:56:15', '2014-02-13 11:19:36', 14),
(48, 'jkev', '2013-12-11 12:04:44', '2014-02-13 11:19:36', 14),
(49, 'jkev', '2013-12-12 09:44:34', '2014-02-13 11:19:36', 14),
(50, 'jkev', '2013-12-13 01:48:23', '2014-02-13 11:19:36', 14),
(51, 'jkev', '2013-12-27 09:13:20', '2014-02-13 11:19:36', 14),
(52, 'jkev', '2013-12-27 10:18:38', '2014-02-13 11:19:36', 14),
(53, 'jkev', '2013-12-27 10:35:43', '2014-02-13 11:19:36', 14),
(54, 'jkev', '2013-12-27 11:08:54', '2014-02-13 11:19:36', 14),
(55, 'jkev', '2013-12-27 11:20:25', '2014-02-13 11:19:36', 14),
(56, 'jkev', '2013-12-27 11:41:58', '2014-02-13 11:19:36', 14),
(57, 'jkev', '2013-12-27 11:43:10', '2014-02-13 11:19:36', 14),
(58, 'jkev', '2013-12-27 14:54:57', '2014-02-13 11:19:36', 14),
(59, 'jkev', '2014-01-12 20:08:26', '2014-02-13 11:19:36', 14),
(60, 'jkev', '2014-01-13 15:24:07', '2014-02-13 11:19:36', 14),
(61, 'jkev', '2014-01-13 18:46:08', '2014-02-13 11:19:36', 14),
(62, 'jkev', '2014-01-15 20:40:15', '2014-02-13 11:19:36', 14),
(63, 'jkev', '2014-01-16 14:42:02', '2014-02-13 11:19:36', 14),
(64, 'jkev', '2014-01-17 09:16:17', '2014-02-13 11:19:36', 14),
(65, 'jkev', '2014-01-17 13:25:51', '2014-02-13 11:19:36', 14),
(66, 'admin', '2014-01-17 14:41:30', '2021-06-05 10:06:31', 15),
(67, 'admin', '2014-01-17 15:56:32', '2021-06-05 10:06:31', 15),
(68, 'admin', '2014-01-26 17:45:31', '2021-06-05 10:06:31', 15),
(69, 'admin', '2014-02-13 10:45:17', '2021-06-05 10:06:31', 15),
(70, 'admin', '2014-02-13 11:05:27', '2021-06-05 10:06:31', 15),
(71, 'jkev', '2014-02-13 11:16:48', '2014-02-13 11:19:36', 14),
(72, 'admin', '2014-02-13 11:55:36', '2021-06-05 10:06:31', 15),
(73, 'admin', '2014-02-13 12:32:38', '2021-06-05 10:06:31', 15),
(74, 'admin', '2014-02-13 12:52:05', '2021-06-05 10:06:31', 15),
(75, 'admin', '2014-02-13 13:04:35', '2021-06-05 10:06:31', 15),
(76, 'jkev', '2014-02-13 14:35:27', '', 14),
(77, 'admin', '2014-02-20 09:40:39', '2021-06-05 10:06:31', 15),
(78, 'admin', '2014-02-20 09:42:21', '2021-06-05 10:06:31', 15),
(79, 'admin', '2014-02-27 22:40:15', '2021-06-05 10:06:31', 15),
(80, 'admin', '2014-02-28 13:12:52', '2021-06-05 10:06:31', 15),
(81, 'admin', '2014-04-02 17:27:47', '2021-06-05 10:06:31', 15),
(82, 'admin', '2014-04-03 15:29:38', '2021-06-05 10:06:31', 15),
(83, 'admin', '2014-06-15 12:31:51', '2021-06-05 10:06:31', 15),
(84, 'Admin', '2020-12-21 08:32:51', '2021-06-05 10:06:31', 15),
(85, 'admin', '2020-12-21 08:48:23', '2021-06-05 10:06:31', 15),
(86, 'admin', '2021-05-29 20:56:09', '2021-06-05 10:06:31', 15),
(87, 'admin', '2021-05-29 21:18:39', '2021-06-05 10:06:31', 15),
(88, 'admin', '2021-05-29 21:18:40', '2021-06-05 10:06:31', 15),
(89, 'admin', '2021-05-29 21:33:53', '2021-06-05 10:06:31', 15),
(90, 'admin', '2021-05-29 21:43:19', '2021-06-05 10:06:31', 15),
(91, 'admin', '2021-05-29 21:52:35', '2021-06-05 10:06:31', 15),
(92, 'admin', '2021-05-31 21:31:35', '2021-06-05 10:06:31', 15),
(93, 'admin', '2021-05-31 22:00:41', '2021-06-05 10:06:31', 15),
(94, 'admin', '2021-05-31 23:17:54', '2021-06-05 10:06:31', 15),
(95, 'admin', '2021-06-01 18:33:56', '2021-06-05 10:06:31', 15),
(96, 'admin', '2021-06-03 20:16:04', '2021-06-05 10:06:31', 15),
(97, 'admin', '2021-06-05 05:15:19', '2021-06-05 10:06:31', 15),
(98, 'admin', '2021-06-05 05:43:02', '2021-06-05 10:06:31', 15),
(99, 'admin', '2021-06-05 10:05:41', '2021-06-05 10:06:31', 15),
(100, 'admin', '2021-06-05 10:32:09', '', 15);

--
-- Indexes for dumped tables
--

--
-- Indexes for table `activity_log`
--
ALTER TABLE `activity_log`
  ADD PRIMARY KEY (`activity_log_id`);

--
-- Indexes for table `answer`
--
ALTER TABLE `answer`
  ADD PRIMARY KEY (`answer_id`);

--
-- Indexes for table `assignment`
--
ALTER TABLE `assignment`
  ADD PRIMARY KEY (`assignment_id`);

--
-- Indexes for table `class`
--
ALTER TABLE `class`
  ADD PRIMARY KEY (`class_id`);

--
-- Indexes for table `class_quiz`
--
ALTER TABLE `class_quiz`
  ADD PRIMARY KEY (`class_quiz_id`);

--
-- Indexes for table `class_subject_overview`
--
ALTER TABLE `class_subject_overview`
  ADD PRIMARY KEY (`class_subject_overview_id`);

--
-- Indexes for table `content`
--
ALTER TABLE `content`
  ADD PRIMARY KEY (`content_id`);

--
-- Indexes for table `department`
--
ALTER TABLE `department`
  ADD PRIMARY KEY (`department_id`);

--
-- Indexes for table `event`
--
ALTER TABLE `event`
  ADD PRIMARY KEY (`event_id`);

--
-- Indexes for table `files`
--
ALTER TABLE `files`
  ADD PRIMARY KEY (`file_id`);

--
-- Indexes for table `file_syllabus`
--
ALTER TABLE `file_syllabus`
  ADD PRIMARY KEY (`file_id`);

--
-- Indexes for table `message`
--
ALTER TABLE `message`
  ADD PRIMARY KEY (`message_id`);

--
-- Indexes for table `message_sent`
--
ALTER TABLE `message_sent`
  ADD PRIMARY KEY (`message_sent_id`);

--
-- Indexes for table `notification`
--
ALTER TABLE `notification`
  ADD PRIMARY KEY (`notification_id`);

--
-- Indexes for table `notification_read`
--
ALTER TABLE `notification_read`
  ADD PRIMARY KEY (`notification_read_id`);

--
-- Indexes for table `notification_read_teacher`
--
ALTER TABLE `notification_read_teacher`
  ADD PRIMARY KEY (`notification_read_teacher_id`);

--
-- Indexes for table `question_type`
--
ALTER TABLE `question_type`
  ADD PRIMARY KEY (`question_type_id`);

--
-- Indexes for table `quiz`
--
ALTER TABLE `quiz`
  ADD PRIMARY KEY (`quiz_id`);

--
-- Indexes for table `quiz_question`
--
ALTER TABLE `quiz_question`
  ADD PRIMARY KEY (`quiz_question_id`);

--
-- Indexes for table `school_year`
--
ALTER TABLE `school_year`
  ADD PRIMARY KEY (`school_year_id`);

--
-- Indexes for table `student`
--
ALTER TABLE `student`
  ADD PRIMARY KEY (`student_id`);

--
-- Indexes for table `student_assignment`
--
ALTER TABLE `student_assignment`
  ADD PRIMARY KEY (`student_assignment_id`);

--
-- Indexes for table `student_backpack`
--
ALTER TABLE `student_backpack`
  ADD PRIMARY KEY (`file_id`);

--
-- Indexes for table `student_class_quiz`
--
ALTER TABLE `student_class_quiz`
  ADD PRIMARY KEY (`student_class_quiz_id`);

--
-- Indexes for table `subject`
--
ALTER TABLE `subject`
  ADD PRIMARY KEY (`subject_id`);

--
-- Indexes for table `teacher`
--
ALTER TABLE `teacher`
  ADD PRIMARY KEY (`teacher_id`);

--
-- Indexes for table `teacher_backpack`
--
ALTER TABLE `teacher_backpack`
  ADD PRIMARY KEY (`file_id`);

--
-- Indexes for table `teacher_class`
--
ALTER TABLE `teacher_class`
  ADD PRIMARY KEY (`teacher_class_id`);

--
-- Indexes for table `teacher_class_announcements`
--
ALTER TABLE `teacher_class_announcements`
  ADD PRIMARY KEY (`teacher_class_announcements_id`);

--
-- Indexes for table `teacher_class_student`
--
ALTER TABLE `teacher_class_student`
  ADD PRIMARY KEY (`teacher_class_student_id`);

--
-- Indexes for table `teacher_notification`
--
ALTER TABLE `teacher_notification`
  ADD PRIMARY KEY (`teacher_notification_id`);

--
-- Indexes for table `teacher_shared`
--
ALTER TABLE `teacher_shared`
  ADD PRIMARY KEY (`teacher_shared_id`);

--
-- Indexes for table `users`
--
ALTER TABLE `users`
  ADD PRIMARY KEY (`user_id`);

--
-- Indexes for table `user_log`
--
ALTER TABLE `user_log`
  ADD PRIMARY KEY (`user_log_id`);

--
-- AUTO_INCREMENT for dumped tables
--

--
-- AUTO_INCREMENT for table `activity_log`
--
ALTER TABLE `activity_log`
  MODIFY `activity_log_id` int(11) NOT NULL AUTO_INCREMENT, AUTO_INCREMENT=12;

--
-- AUTO_INCREMENT for table `answer`
--
ALTER TABLE `answer`
  MODIFY `answer_id` int(11) NOT NULL AUTO_INCREMENT, AUTO_INCREMENT=93;

--
-- AUTO_INCREMENT for table `assignment`
--
ALTER TABLE `assignment`
  MODIFY `assignment_id` int(11) NOT NULL AUTO_INCREMENT, AUTO_INCREMENT=32;

--
-- AUTO_INCREMENT for table `class`
--
ALTER TABLE `class`
  MODIFY `class_id` int(11) NOT NULL AUTO_INCREMENT, AUTO_INCREMENT=25;

--
-- AUTO_INCREMENT for table `class_quiz`
--
ALTER TABLE `class_quiz`
  MODIFY `class_quiz_id` int(11) NOT NULL AUTO_INCREMENT, AUTO_INCREMENT=18;

--
-- AUTO_INCREMENT for table `class_subject_overview`
--
ALTER TABLE `class_subject_overview`
  MODIFY `class_subject_overview_id` int(11) NOT NULL AUTO_INCREMENT, AUTO_INCREMENT=2;

--
-- AUTO_INCREMENT for table `content`
--
ALTER TABLE `content`
  MODIFY `content_id` int(11) NOT NULL AUTO_INCREMENT, AUTO_INCREMENT=15;

--
-- AUTO_INCREMENT for table `department`
--
ALTER TABLE `department`
  MODIFY `department_id` int(11) NOT NULL AUTO_INCREMENT, AUTO_INCREMENT=12;

--
-- AUTO_INCREMENT for table `event`
--
ALTER TABLE `event`
  MODIFY `event_id` int(11) NOT NULL AUTO_INCREMENT, AUTO_INCREMENT=19;

--
-- AUTO_INCREMENT for table `files`
--
ALTER TABLE `files`
  MODIFY `file_id` int(11) NOT NULL AUTO_INCREMENT, AUTO_INCREMENT=143;

--
-- AUTO_INCREMENT for table `file_syllabus`
--
ALTER TABLE `file_syllabus`
  MODIFY `file_id` int(90) NOT NULL AUTO_INCREMENT, AUTO_INCREMENT=15;

--
-- AUTO_INCREMENT for table `message`
--
ALTER TABLE `message`
  MODIFY `message_id` int(11) NOT NULL AUTO_INCREMENT, AUTO_INCREMENT=30;

--
-- AUTO_INCREMENT for table `message_sent`
--
ALTER TABLE `message_sent`
  MODIFY `message_sent_id` int(11) NOT NULL AUTO_INCREMENT, AUTO_INCREMENT=15;

--
-- AUTO_INCREMENT for table `notification`
--
ALTER TABLE `notification`
  MODIFY `notification_id` int(11) NOT NULL AUTO_INCREMENT, AUTO_INCREMENT=24;

--
-- AUTO_INCREMENT for table `notification_read`
--
ALTER TABLE `notification_read`
  MODIFY `notification_read_id` int(11) NOT NULL AUTO_INCREMENT, AUTO_INCREMENT=6;

--
-- AUTO_INCREMENT for table `notification_read_teacher`
--
ALTER TABLE `notification_read_teacher`
  MODIFY `notification_read_teacher_id` int(11) NOT NULL AUTO_INCREMENT, AUTO_INCREMENT=9;

--
-- AUTO_INCREMENT for table `quiz`
--
ALTER TABLE `quiz`
  MODIFY `quiz_id` int(11) NOT NULL AUTO_INCREMENT, AUTO_INCREMENT=7;

--
-- AUTO_INCREMENT for table `quiz_question`
--
ALTER TABLE `quiz_question`
  MODIFY `quiz_question_id` int(11) NOT NULL AUTO_INCREMENT, AUTO_INCREMENT=39;

--
-- AUTO_INCREMENT for table `school_year`
--
ALTER TABLE `school_year`
  MODIFY `school_year_id` int(11) NOT NULL AUTO_INCREMENT, AUTO_INCREMENT=4;

--
-- AUTO_INCREMENT for table `student`
--
ALTER TABLE `student`
  MODIFY `student_id` int(11) NOT NULL AUTO_INCREMENT, AUTO_INCREMENT=228;

--
-- AUTO_INCREMENT for table `student_assignment`
--
ALTER TABLE `student_assignment`
  MODIFY `student_assignment_id` int(11) NOT NULL AUTO_INCREMENT, AUTO_INCREMENT=2;

--
-- AUTO_INCREMENT for table `student_backpack`
--
ALTER TABLE `student_backpack`
  MODIFY `file_id` int(11) NOT NULL AUTO_INCREMENT, AUTO_INCREMENT=6;

--
-- AUTO_INCREMENT for table `student_class_quiz`
--
ALTER TABLE `student_class_quiz`
  MODIFY `student_class_quiz_id` int(11) NOT NULL AUTO_INCREMENT, AUTO_INCREMENT=4;

--
-- AUTO_INCREMENT for table `subject`
--
ALTER TABLE `subject`
  MODIFY `subject_id` int(11) NOT NULL AUTO_INCREMENT, AUTO_INCREMENT=43;

--
-- AUTO_INCREMENT for table `teacher`
--
ALTER TABLE `teacher`
  MODIFY `teacher_id` int(11) NOT NULL AUTO_INCREMENT, AUTO_INCREMENT=35;

--
-- AUTO_INCREMENT for table `teacher_backpack`
--
ALTER TABLE `teacher_backpack`
  MODIFY `file_id` int(11) NOT NULL AUTO_INCREMENT;

--
-- AUTO_INCREMENT for table `teacher_class`
--
ALTER TABLE `teacher_class`
  MODIFY `teacher_class_id` int(11) NOT NULL AUTO_INCREMENT, AUTO_INCREMENT=190;

--
-- AUTO_INCREMENT for table `teacher_class_announcements`
--
ALTER TABLE `teacher_class_announcements`
  MODIFY `teacher_class_announcements_id` int(11) NOT NULL AUTO_INCREMENT, AUTO_INCREMENT=40;

--
-- AUTO_INCREMENT for table `teacher_class_student`
--
ALTER TABLE `teacher_class_student`
  MODIFY `teacher_class_student_id` int(11) NOT NULL AUTO_INCREMENT, AUTO_INCREMENT=418;

--
-- AUTO_INCREMENT for table `teacher_notification`
--
ALTER TABLE `teacher_notification`
  MODIFY `teacher_notification_id` int(11) NOT NULL AUTO_INCREMENT, AUTO_INCREMENT=20;

--
-- AUTO_INCREMENT for table `teacher_shared`
--
ALTER TABLE `teacher_shared`
  MODIFY `teacher_shared_id` int(11) NOT NULL AUTO_INCREMENT, AUTO_INCREMENT=2;

--
-- AUTO_INCREMENT for table `users`
--
ALTER TABLE `users`
  MODIFY `user_id` int(11) NOT NULL AUTO_INCREMENT, AUTO_INCREMENT=16;

--
-- AUTO_INCREMENT for table `user_log`
--
ALTER TABLE `user_log`
  MODIFY `user_log_id` int(11) NOT NULL AUTO_INCREMENT, AUTO_INCREMENT=101;
COMMIT;

/*!40101 SET CHARACTER_SET_CLIENT=@OLD_CHARACTER_SET_CLIENT */;
/*!40101 SET CHARACTER_SET_RESULTS=@OLD_CHARACTER_SET_RESULTS */;
/*!40101 SET COLLATION_CONNECTION=@OLD_COLLATION_CONNECTION */;
